# EcoSort AI x ReflexGrip | meters | Z up
mtllib EcoSort_Assembly.mtl
o 0_Belt
usemtl dark
v -2.300000 -0.360000 0.797500
v 2.300000 -0.360000 0.797500
v 2.300000 0.360000 0.797500
v -2.300000 0.360000 0.797500
v -2.300000 -0.360000 0.862500
v 2.300000 -0.360000 0.862500
v 2.300000 0.360000 0.862500
v -2.300000 0.360000 0.862500
f 4 3 2 1
f 5 6 7 8
f 1 2 6 5
f 2 3 7 6
f 3 4 8 7
f 4 1 5 8
o 1_Side_rail
usemtl steel
v -2.400000 -0.465000 0.710000
v 2.400000 -0.465000 0.710000
v 2.400000 -0.375000 0.710000
v -2.400000 -0.375000 0.710000
v -2.400000 -0.465000 0.890000
v 2.400000 -0.465000 0.890000
v 2.400000 -0.375000 0.890000
v -2.400000 -0.375000 0.890000
f 12 11 10 9
f 13 14 15 16
f 9 10 14 13
f 10 11 15 14
f 11 12 16 15
f 12 9 13 16
o 2_Leg
usemtl steel
v -1.945000 -0.465000 0.000000
v -1.855000 -0.465000 0.000000
v -1.855000 -0.375000 0.000000
v -1.945000 -0.375000 0.000000
v -1.945000 -0.465000 0.780000
v -1.855000 -0.465000 0.780000
v -1.855000 -0.375000 0.780000
v -1.945000 -0.375000 0.780000
f 20 19 18 17
f 21 22 23 24
f 17 18 22 21
f 18 19 23 22
f 19 20 24 23
f 20 17 21 24
o 3_Foot
usemtl dark
v -2.025000 -0.520000 0.015000
v -1.775000 -0.520000 0.015000
v -1.775000 -0.320000 0.015000
v -2.025000 -0.320000 0.015000
v -2.025000 -0.520000 0.065000
v -1.775000 -0.520000 0.065000
v -1.775000 -0.320000 0.065000
v -2.025000 -0.320000 0.065000
f 28 27 26 25
f 29 30 31 32
f 25 26 30 29
f 26 27 31 30
f 27 28 32 31
f 28 25 29 32
o 4_Leg
usemtl steel
v -0.045000 -0.465000 0.000000
v 0.045000 -0.465000 0.000000
v 0.045000 -0.375000 0.000000
v -0.045000 -0.375000 0.000000
v -0.045000 -0.465000 0.780000
v 0.045000 -0.465000 0.780000
v 0.045000 -0.375000 0.780000
v -0.045000 -0.375000 0.780000
f 36 35 34 33
f 37 38 39 40
f 33 34 38 37
f 34 35 39 38
f 35 36 40 39
f 36 33 37 40
o 5_Foot
usemtl dark
v -0.125000 -0.520000 0.015000
v 0.125000 -0.520000 0.015000
v 0.125000 -0.320000 0.015000
v -0.125000 -0.320000 0.015000
v -0.125000 -0.520000 0.065000
v 0.125000 -0.520000 0.065000
v 0.125000 -0.320000 0.065000
v -0.125000 -0.320000 0.065000
f 44 43 42 41
f 45 46 47 48
f 41 42 46 45
f 42 43 47 46
f 43 44 48 47
f 44 41 45 48
o 6_Leg
usemtl steel
v 1.855000 -0.465000 0.000000
v 1.945000 -0.465000 0.000000
v 1.945000 -0.375000 0.000000
v 1.855000 -0.375000 0.000000
v 1.855000 -0.465000 0.780000
v 1.945000 -0.465000 0.780000
v 1.945000 -0.375000 0.780000
v 1.855000 -0.375000 0.780000
f 52 51 50 49
f 53 54 55 56
f 49 50 54 53
f 50 51 55 54
f 51 52 56 55
f 52 49 53 56
o 7_Foot
usemtl dark
v 1.775000 -0.520000 0.015000
v 2.025000 -0.520000 0.015000
v 2.025000 -0.320000 0.015000
v 1.775000 -0.320000 0.015000
v 1.775000 -0.520000 0.065000
v 2.025000 -0.520000 0.065000
v 2.025000 -0.320000 0.065000
v 1.775000 -0.320000 0.065000
f 60 59 58 57
f 61 62 63 64
f 57 58 62 61
f 58 59 63 62
f 59 60 64 63
f 60 57 61 64
o 8_Side_rail
usemtl steel
v -2.400000 0.375000 0.710000
v 2.400000 0.375000 0.710000
v 2.400000 0.465000 0.710000
v -2.400000 0.465000 0.710000
v -2.400000 0.375000 0.890000
v 2.400000 0.375000 0.890000
v 2.400000 0.465000 0.890000
v -2.400000 0.465000 0.890000
f 68 67 66 65
f 69 70 71 72
f 65 66 70 69
f 66 67 71 70
f 67 68 72 71
f 68 65 69 72
o 9_Leg
usemtl steel
v -1.945000 0.375000 0.000000
v -1.855000 0.375000 0.000000
v -1.855000 0.465000 0.000000
v -1.945000 0.465000 0.000000
v -1.945000 0.375000 0.780000
v -1.855000 0.375000 0.780000
v -1.855000 0.465000 0.780000
v -1.945000 0.465000 0.780000
f 76 75 74 73
f 77 78 79 80
f 73 74 78 77
f 74 75 79 78
f 75 76 80 79
f 76 73 77 80
o 10_Foot
usemtl dark
v -2.025000 0.320000 0.015000
v -1.775000 0.320000 0.015000
v -1.775000 0.520000 0.015000
v -2.025000 0.520000 0.015000
v -2.025000 0.320000 0.065000
v -1.775000 0.320000 0.065000
v -1.775000 0.520000 0.065000
v -2.025000 0.520000 0.065000
f 84 83 82 81
f 85 86 87 88
f 81 82 86 85
f 82 83 87 86
f 83 84 88 87
f 84 81 85 88
o 11_Leg
usemtl steel
v -0.045000 0.375000 0.000000
v 0.045000 0.375000 0.000000
v 0.045000 0.465000 0.000000
v -0.045000 0.465000 0.000000
v -0.045000 0.375000 0.780000
v 0.045000 0.375000 0.780000
v 0.045000 0.465000 0.780000
v -0.045000 0.465000 0.780000
f 92 91 90 89
f 93 94 95 96
f 89 90 94 93
f 90 91 95 94
f 91 92 96 95
f 92 89 93 96
o 12_Foot
usemtl dark
v -0.125000 0.320000 0.015000
v 0.125000 0.320000 0.015000
v 0.125000 0.520000 0.015000
v -0.125000 0.520000 0.015000
v -0.125000 0.320000 0.065000
v 0.125000 0.320000 0.065000
v 0.125000 0.520000 0.065000
v -0.125000 0.520000 0.065000
f 100 99 98 97
f 101 102 103 104
f 97 98 102 101
f 98 99 103 102
f 99 100 104 103
f 100 97 101 104
o 13_Leg
usemtl steel
v 1.855000 0.375000 0.000000
v 1.945000 0.375000 0.000000
v 1.945000 0.465000 0.000000
v 1.855000 0.465000 0.000000
v 1.855000 0.375000 0.780000
v 1.945000 0.375000 0.780000
v 1.945000 0.465000 0.780000
v 1.855000 0.465000 0.780000
f 108 107 106 105
f 109 110 111 112
f 105 106 110 109
f 106 107 111 110
f 107 108 112 111
f 108 105 109 112
o 14_Foot
usemtl dark
v 1.775000 0.320000 0.015000
v 2.025000 0.320000 0.015000
v 2.025000 0.520000 0.015000
v 1.775000 0.520000 0.015000
v 1.775000 0.320000 0.065000
v 2.025000 0.320000 0.065000
v 2.025000 0.520000 0.065000
v 1.775000 0.520000 0.065000
f 116 115 114 113
f 117 118 119 120
f 113 114 118 117
f 114 115 119 118
f 115 116 120 119
f 116 113 117 120
o 15_End_roller
usemtl steel
v -2.080000 0.380000 0.800000
v -2.081921 0.380000 0.819509
v -2.087612 0.380000 0.838268
v -2.096853 0.380000 0.855557
v -2.109289 0.380000 0.870711
v -2.124443 0.380000 0.883147
v -2.141732 0.380000 0.892388
v -2.160491 0.380000 0.898079
v -2.180000 0.380000 0.900000
v -2.199509 0.380000 0.898079
v -2.218268 0.380000 0.892388
v -2.235557 0.380000 0.883147
v -2.250711 0.380000 0.870711
v -2.263147 0.380000 0.855557
v -2.272388 0.380000 0.838268
v -2.278079 0.380000 0.819509
v -2.280000 0.380000 0.800000
v -2.278079 0.380000 0.780491
v -2.272388 0.380000 0.761732
v -2.263147 0.380000 0.744443
v -2.250711 0.380000 0.729289
v -2.235557 0.380000 0.716853
v -2.218268 0.380000 0.707612
v -2.199509 0.380000 0.701921
v -2.180000 0.380000 0.700000
v -2.160491 0.380000 0.701921
v -2.141732 0.380000 0.707612
v -2.124443 0.380000 0.716853
v -2.109289 0.380000 0.729289
v -2.096853 0.380000 0.744443
v -2.087612 0.380000 0.761732
v -2.081921 0.380000 0.780491
v -2.080000 -0.380000 0.800000
v -2.081921 -0.380000 0.819509
v -2.087612 -0.380000 0.838268
v -2.096853 -0.380000 0.855557
v -2.109289 -0.380000 0.870711
v -2.124443 -0.380000 0.883147
v -2.141732 -0.380000 0.892388
v -2.160491 -0.380000 0.898079
v -2.180000 -0.380000 0.900000
v -2.199509 -0.380000 0.898079
v -2.218268 -0.380000 0.892388
v -2.235557 -0.380000 0.883147
v -2.250711 -0.380000 0.870711
v -2.263147 -0.380000 0.855557
v -2.272388 -0.380000 0.838268
v -2.278079 -0.380000 0.819509
v -2.280000 -0.380000 0.800000
v -2.278079 -0.380000 0.780491
v -2.272388 -0.380000 0.761732
v -2.263147 -0.380000 0.744443
v -2.250711 -0.380000 0.729289
v -2.235557 -0.380000 0.716853
v -2.218268 -0.380000 0.707612
v -2.199509 -0.380000 0.701921
v -2.180000 -0.380000 0.700000
v -2.160491 -0.380000 0.701921
v -2.141732 -0.380000 0.707612
v -2.124443 -0.380000 0.716853
v -2.109289 -0.380000 0.729289
v -2.096853 -0.380000 0.744443
v -2.087612 -0.380000 0.761732
v -2.081921 -0.380000 0.780491
f 152 151 150 149 148 147 146 145 144 143 142 141 140 139 138 137 136 135 134 133 132 131 130 129 128 127 126 125 124 123 122 121
f 153 154 155 156 157 158 159 160 161 162 163 164 165 166 167 168 169 170 171 172 173 174 175 176 177 178 179 180 181 182 183 184
f 121 122 154 153
f 122 123 155 154
f 123 124 156 155
f 124 125 157 156
f 125 126 158 157
f 126 127 159 158
f 127 128 160 159
f 128 129 161 160
f 129 130 162 161
f 130 131 163 162
f 131 132 164 163
f 132 133 165 164
f 133 134 166 165
f 134 135 167 166
f 135 136 168 167
f 136 137 169 168
f 137 138 170 169
f 138 139 171 170
f 139 140 172 171
f 140 141 173 172
f 141 142 174 173
f 142 143 175 174
f 143 144 176 175
f 144 145 177 176
f 145 146 178 177
f 146 147 179 178
f 147 148 180 179
f 148 149 181 180
f 149 150 182 181
f 150 151 183 182
f 151 152 184 183
f 152 121 153 184
o 16_End_roller
usemtl steel
v 2.280000 0.380000 0.800000
v 2.278079 0.380000 0.819509
v 2.272388 0.380000 0.838268
v 2.263147 0.380000 0.855557
v 2.250711 0.380000 0.870711
v 2.235557 0.380000 0.883147
v 2.218268 0.380000 0.892388
v 2.199509 0.380000 0.898079
v 2.180000 0.380000 0.900000
v 2.160491 0.380000 0.898079
v 2.141732 0.380000 0.892388
v 2.124443 0.380000 0.883147
v 2.109289 0.380000 0.870711
v 2.096853 0.380000 0.855557
v 2.087612 0.380000 0.838268
v 2.081921 0.380000 0.819509
v 2.080000 0.380000 0.800000
v 2.081921 0.380000 0.780491
v 2.087612 0.380000 0.761732
v 2.096853 0.380000 0.744443
v 2.109289 0.380000 0.729289
v 2.124443 0.380000 0.716853
v 2.141732 0.380000 0.707612
v 2.160491 0.380000 0.701921
v 2.180000 0.380000 0.700000
v 2.199509 0.380000 0.701921
v 2.218268 0.380000 0.707612
v 2.235557 0.380000 0.716853
v 2.250711 0.380000 0.729289
v 2.263147 0.380000 0.744443
v 2.272388 0.380000 0.761732
v 2.278079 0.380000 0.780491
v 2.280000 -0.380000 0.800000
v 2.278079 -0.380000 0.819509
v 2.272388 -0.380000 0.838268
v 2.263147 -0.380000 0.855557
v 2.250711 -0.380000 0.870711
v 2.235557 -0.380000 0.883147
v 2.218268 -0.380000 0.892388
v 2.199509 -0.380000 0.898079
v 2.180000 -0.380000 0.900000
v 2.160491 -0.380000 0.898079
v 2.141732 -0.380000 0.892388
v 2.124443 -0.380000 0.883147
v 2.109289 -0.380000 0.870711
v 2.096853 -0.380000 0.855557
v 2.087612 -0.380000 0.838268
v 2.081921 -0.380000 0.819509
v 2.080000 -0.380000 0.800000
v 2.081921 -0.380000 0.780491
v 2.087612 -0.380000 0.761732
v 2.096853 -0.380000 0.744443
v 2.109289 -0.380000 0.729289
v 2.124443 -0.380000 0.716853
v 2.141732 -0.380000 0.707612
v 2.160491 -0.380000 0.701921
v 2.180000 -0.380000 0.700000
v 2.199509 -0.380000 0.701921
v 2.218268 -0.380000 0.707612
v 2.235557 -0.380000 0.716853
v 2.250711 -0.380000 0.729289
v 2.263147 -0.380000 0.744443
v 2.272388 -0.380000 0.761732
v 2.278079 -0.380000 0.780491
f 216 215 214 213 212 211 210 209 208 207 206 205 204 203 202 201 200 199 198 197 196 195 194 193 192 191 190 189 188 187 186 185
f 217 218 219 220 221 222 223 224 225 226 227 228 229 230 231 232 233 234 235 236 237 238 239 240 241 242 243 244 245 246 247 248
f 185 186 218 217
f 186 187 219 218
f 187 188 220 219
f 188 189 221 220
f 189 190 222 221
f 190 191 223 222
f 191 192 224 223
f 192 193 225 224
f 193 194 226 225
f 194 195 227 226
f 195 196 228 227
f 196 197 229 228
f 197 198 230 229
f 198 199 231 230
f 199 200 232 231
f 200 201 233 232
f 201 202 234 233
f 202 203 235 234
f 203 204 236 235
f 204 205 237 236
f 205 206 238 237
f 206 207 239 238
f 207 208 240 239
f 208 209 241 240
f 209 210 242 241
f 210 211 243 242
f 211 212 244 243
f 212 213 245 244
f 213 214 246 245
f 214 215 247 246
f 215 216 248 247
f 216 185 217 248
o 17_Belt_seam
usemtl steel
v -2.104000 -0.340000 0.865000
v -2.096000 -0.340000 0.865000
v -2.096000 0.340000 0.865000
v -2.104000 0.340000 0.865000
v -2.104000 -0.340000 0.867000
v -2.096000 -0.340000 0.867000
v -2.096000 0.340000 0.867000
v -2.104000 0.340000 0.867000
f 252 251 250 249
f 253 254 255 256
f 249 250 254 253
f 250 251 255 254
f 251 252 256 255
f 252 249 253 256
o 18_Belt_seam
usemtl steel
v -1.874000 -0.340000 0.865000
v -1.866000 -0.340000 0.865000
v -1.866000 0.340000 0.865000
v -1.874000 0.340000 0.865000
v -1.874000 -0.340000 0.867000
v -1.866000 -0.340000 0.867000
v -1.866000 0.340000 0.867000
v -1.874000 0.340000 0.867000
f 260 259 258 257
f 261 262 263 264
f 257 258 262 261
f 258 259 263 262
f 259 260 264 263
f 260 257 261 264
o 19_Belt_seam
usemtl steel
v -1.644000 -0.340000 0.865000
v -1.636000 -0.340000 0.865000
v -1.636000 0.340000 0.865000
v -1.644000 0.340000 0.865000
v -1.644000 -0.340000 0.867000
v -1.636000 -0.340000 0.867000
v -1.636000 0.340000 0.867000
v -1.644000 0.340000 0.867000
f 268 267 266 265
f 269 270 271 272
f 265 266 270 269
f 266 267 271 270
f 267 268 272 271
f 268 265 269 272
o 20_Belt_seam
usemtl steel
v -1.414000 -0.340000 0.865000
v -1.406000 -0.340000 0.865000
v -1.406000 0.340000 0.865000
v -1.414000 0.340000 0.865000
v -1.414000 -0.340000 0.867000
v -1.406000 -0.340000 0.867000
v -1.406000 0.340000 0.867000
v -1.414000 0.340000 0.867000
f 276 275 274 273
f 277 278 279 280
f 273 274 278 277
f 274 275 279 278
f 275 276 280 279
f 276 273 277 280
o 21_Belt_seam
usemtl steel
v -1.184000 -0.340000 0.865000
v -1.176000 -0.340000 0.865000
v -1.176000 0.340000 0.865000
v -1.184000 0.340000 0.865000
v -1.184000 -0.340000 0.867000
v -1.176000 -0.340000 0.867000
v -1.176000 0.340000 0.867000
v -1.184000 0.340000 0.867000
f 284 283 282 281
f 285 286 287 288
f 281 282 286 285
f 282 283 287 286
f 283 284 288 287
f 284 281 285 288
o 22_Belt_seam
usemtl steel
v -0.954000 -0.340000 0.865000
v -0.946000 -0.340000 0.865000
v -0.946000 0.340000 0.865000
v -0.954000 0.340000 0.865000
v -0.954000 -0.340000 0.867000
v -0.946000 -0.340000 0.867000
v -0.946000 0.340000 0.867000
v -0.954000 0.340000 0.867000
f 292 291 290 289
f 293 294 295 296
f 289 290 294 293
f 290 291 295 294
f 291 292 296 295
f 292 289 293 296
o 23_Belt_seam
usemtl steel
v -0.724000 -0.340000 0.865000
v -0.716000 -0.340000 0.865000
v -0.716000 0.340000 0.865000
v -0.724000 0.340000 0.865000
v -0.724000 -0.340000 0.867000
v -0.716000 -0.340000 0.867000
v -0.716000 0.340000 0.867000
v -0.724000 0.340000 0.867000
f 300 299 298 297
f 301 302 303 304
f 297 298 302 301
f 298 299 303 302
f 299 300 304 303
f 300 297 301 304
o 24_Belt_seam
usemtl steel
v -0.494000 -0.340000 0.865000
v -0.486000 -0.340000 0.865000
v -0.486000 0.340000 0.865000
v -0.494000 0.340000 0.865000
v -0.494000 -0.340000 0.867000
v -0.486000 -0.340000 0.867000
v -0.486000 0.340000 0.867000
v -0.494000 0.340000 0.867000
f 308 307 306 305
f 309 310 311 312
f 305 306 310 309
f 306 307 311 310
f 307 308 312 311
f 308 305 309 312
o 25_Belt_seam
usemtl steel
v -0.264000 -0.340000 0.865000
v -0.256000 -0.340000 0.865000
v -0.256000 0.340000 0.865000
v -0.264000 0.340000 0.865000
v -0.264000 -0.340000 0.867000
v -0.256000 -0.340000 0.867000
v -0.256000 0.340000 0.867000
v -0.264000 0.340000 0.867000
f 316 315 314 313
f 317 318 319 320
f 313 314 318 317
f 314 315 319 318
f 315 316 320 319
f 316 313 317 320
o 26_Belt_seam
usemtl steel
v -0.034000 -0.340000 0.865000
v -0.026000 -0.340000 0.865000
v -0.026000 0.340000 0.865000
v -0.034000 0.340000 0.865000
v -0.034000 -0.340000 0.867000
v -0.026000 -0.340000 0.867000
v -0.026000 0.340000 0.867000
v -0.034000 0.340000 0.867000
f 324 323 322 321
f 325 326 327 328
f 321 322 326 325
f 322 323 327 326
f 323 324 328 327
f 324 321 325 328
o 27_Belt_seam
usemtl steel
v 0.196000 -0.340000 0.865000
v 0.204000 -0.340000 0.865000
v 0.204000 0.340000 0.865000
v 0.196000 0.340000 0.865000
v 0.196000 -0.340000 0.867000
v 0.204000 -0.340000 0.867000
v 0.204000 0.340000 0.867000
v 0.196000 0.340000 0.867000
f 332 331 330 329
f 333 334 335 336
f 329 330 334 333
f 330 331 335 334
f 331 332 336 335
f 332 329 333 336
o 28_Belt_seam
usemtl steel
v 0.426000 -0.340000 0.865000
v 0.434000 -0.340000 0.865000
v 0.434000 0.340000 0.865000
v 0.426000 0.340000 0.865000
v 0.426000 -0.340000 0.867000
v 0.434000 -0.340000 0.867000
v 0.434000 0.340000 0.867000
v 0.426000 0.340000 0.867000
f 340 339 338 337
f 341 342 343 344
f 337 338 342 341
f 338 339 343 342
f 339 340 344 343
f 340 337 341 344
o 29_Belt_seam
usemtl steel
v 0.656000 -0.340000 0.865000
v 0.664000 -0.340000 0.865000
v 0.664000 0.340000 0.865000
v 0.656000 0.340000 0.865000
v 0.656000 -0.340000 0.867000
v 0.664000 -0.340000 0.867000
v 0.664000 0.340000 0.867000
v 0.656000 0.340000 0.867000
f 348 347 346 345
f 349 350 351 352
f 345 346 350 349
f 346 347 351 350
f 347 348 352 351
f 348 345 349 352
o 30_Belt_seam
usemtl steel
v 0.886000 -0.340000 0.865000
v 0.894000 -0.340000 0.865000
v 0.894000 0.340000 0.865000
v 0.886000 0.340000 0.865000
v 0.886000 -0.340000 0.867000
v 0.894000 -0.340000 0.867000
v 0.894000 0.340000 0.867000
v 0.886000 0.340000 0.867000
f 356 355 354 353
f 357 358 359 360
f 353 354 358 357
f 354 355 359 358
f 355 356 360 359
f 356 353 357 360
o 31_Belt_seam
usemtl steel
v 1.116000 -0.340000 0.865000
v 1.124000 -0.340000 0.865000
v 1.124000 0.340000 0.865000
v 1.116000 0.340000 0.865000
v 1.116000 -0.340000 0.867000
v 1.124000 -0.340000 0.867000
v 1.124000 0.340000 0.867000
v 1.116000 0.340000 0.867000
f 364 363 362 361
f 365 366 367 368
f 361 362 366 365
f 362 363 367 366
f 363 364 368 367
f 364 361 365 368
o 32_Belt_seam
usemtl steel
v 1.346000 -0.340000 0.865000
v 1.354000 -0.340000 0.865000
v 1.354000 0.340000 0.865000
v 1.346000 0.340000 0.865000
v 1.346000 -0.340000 0.867000
v 1.354000 -0.340000 0.867000
v 1.354000 0.340000 0.867000
v 1.346000 0.340000 0.867000
f 372 371 370 369
f 373 374 375 376
f 369 370 374 373
f 370 371 375 374
f 371 372 376 375
f 372 369 373 376
o 33_Belt_seam
usemtl steel
v 1.576000 -0.340000 0.865000
v 1.584000 -0.340000 0.865000
v 1.584000 0.340000 0.865000
v 1.576000 0.340000 0.865000
v 1.576000 -0.340000 0.867000
v 1.584000 -0.340000 0.867000
v 1.584000 0.340000 0.867000
v 1.576000 0.340000 0.867000
f 380 379 378 377
f 381 382 383 384
f 377 378 382 381
f 378 379 383 382
f 379 380 384 383
f 380 377 381 384
o 34_Belt_seam
usemtl steel
v 1.806000 -0.340000 0.865000
v 1.814000 -0.340000 0.865000
v 1.814000 0.340000 0.865000
v 1.806000 0.340000 0.865000
v 1.806000 -0.340000 0.867000
v 1.814000 -0.340000 0.867000
v 1.814000 0.340000 0.867000
v 1.806000 0.340000 0.867000
f 388 387 386 385
f 389 390 391 392
f 385 386 390 389
f 386 387 391 390
f 387 388 392 391
f 388 385 389 392
o 35_Belt_seam
usemtl steel
v 2.036000 -0.340000 0.865000
v 2.044000 -0.340000 0.865000
v 2.044000 0.340000 0.865000
v 2.036000 0.340000 0.865000
v 2.036000 -0.340000 0.867000
v 2.044000 -0.340000 0.867000
v 2.044000 0.340000 0.867000
v 2.036000 0.340000 0.867000
f 396 395 394 393
f 397 398 399 400
f 393 394 398 397
f 394 395 399 398
f 395 396 400 399
f 396 393 397 400
o 36_Drive_motor
usemtl green
v -2.040000 0.790000 0.800000
v -2.042498 0.790000 0.825362
v -2.049896 0.790000 0.849749
v -2.061909 0.790000 0.872224
v -2.078076 0.790000 0.891924
v -2.097776 0.790000 0.908091
v -2.120251 0.790000 0.920104
v -2.144638 0.790000 0.927502
v -2.170000 0.790000 0.930000
v -2.195362 0.790000 0.927502
v -2.219749 0.790000 0.920104
v -2.242224 0.790000 0.908091
v -2.261924 0.790000 0.891924
v -2.278091 0.790000 0.872224
v -2.290104 0.790000 0.849749
v -2.297502 0.790000 0.825362
v -2.300000 0.790000 0.800000
v -2.297502 0.790000 0.774638
v -2.290104 0.790000 0.750251
v -2.278091 0.790000 0.727776
v -2.261924 0.790000 0.708076
v -2.242224 0.790000 0.691909
v -2.219749 0.790000 0.679896
v -2.195362 0.790000 0.672498
v -2.170000 0.790000 0.670000
v -2.144638 0.790000 0.672498
v -2.120251 0.790000 0.679896
v -2.097776 0.790000 0.691909
v -2.078076 0.790000 0.708076
v -2.061909 0.790000 0.727776
v -2.049896 0.790000 0.750251
v -2.042498 0.790000 0.774638
v -2.040000 0.470000 0.800000
v -2.042498 0.470000 0.825362
v -2.049896 0.470000 0.849749
v -2.061909 0.470000 0.872224
v -2.078076 0.470000 0.891924
v -2.097776 0.470000 0.908091
v -2.120251 0.470000 0.920104
v -2.144638 0.470000 0.927502
v -2.170000 0.470000 0.930000
v -2.195362 0.470000 0.927502
v -2.219749 0.470000 0.920104
v -2.242224 0.470000 0.908091
v -2.261924 0.470000 0.891924
v -2.278091 0.470000 0.872224
v -2.290104 0.470000 0.849749
v -2.297502 0.470000 0.825362
v -2.300000 0.470000 0.800000
v -2.297502 0.470000 0.774638
v -2.290104 0.470000 0.750251
v -2.278091 0.470000 0.727776
v -2.261924 0.470000 0.708076
v -2.242224 0.470000 0.691909
v -2.219749 0.470000 0.679896
v -2.195362 0.470000 0.672498
v -2.170000 0.470000 0.670000
v -2.144638 0.470000 0.672498
v -2.120251 0.470000 0.679896
v -2.097776 0.470000 0.691909
v -2.078076 0.470000 0.708076
v -2.061909 0.470000 0.727776
v -2.049896 0.470000 0.750251
v -2.042498 0.470000 0.774638
f 432 431 430 429 428 427 426 425 424 423 422 421 420 419 418 417 416 415 414 413 412 411 410 409 408 407 406 405 404 403 402 401
f 433 434 435 436 437 438 439 440 441 442 443 444 445 446 447 448 449 450 451 452 453 454 455 456 457 458 459 460 461 462 463 464
f 401 402 434 433
f 402 403 435 434
f 403 404 436 435
f 404 405 437 436
f 405 406 438 437
f 406 407 439 438
f 407 408 440 439
f 408 409 441 440
f 409 410 442 441
f 410 411 443 442
f 411 412 444 443
f 412 413 445 444
f 413 414 446 445
f 414 415 447 446
f 415 416 448 447
f 416 417 449 448
f 417 418 450 449
f 418 419 451 450
f 419 420 452 451
f 420 421 453 452
f 421 422 454 453
f 422 423 455 454
f 423 424 456 455
f 424 425 457 456
f 425 426 458 457
f 426 427 459 458
f 427 428 460 459
f 428 429 461 460
f 429 430 462 461
f 430 431 463 462
f 431 432 464 463
f 432 401 433 464
o 37_Hopper_bottom
usemtl steel
v -2.975000 -0.340000 0.880000
v -2.325000 -0.340000 0.880000
v -2.325000 0.340000 0.880000
v -2.975000 0.340000 0.880000
v -2.975000 -0.340000 0.940000
v -2.325000 -0.340000 0.940000
v -2.325000 0.340000 0.940000
v -2.975000 0.340000 0.940000
f 468 467 466 465
f 469 470 471 472
f 465 466 470 469
f 466 467 471 470
f 467 468 472 471
f 468 465 469 472
o 38_Hopper_wall
usemtl steel
v -2.975000 -0.385000 0.890000
v -2.325000 -0.385000 0.890000
v -2.325000 -0.335000 0.890000
v -2.975000 -0.335000 0.890000
v -2.975000 -0.385000 1.270000
v -2.325000 -0.385000 1.270000
v -2.325000 -0.335000 1.270000
v -2.975000 -0.335000 1.270000
f 476 475 474 473
f 477 478 479 480
f 473 474 478 477
f 474 475 479 478
f 475 476 480 479
f 476 473 477 480
o 39_Hopper_wall
usemtl steel
v -2.975000 0.335000 0.890000
v -2.325000 0.335000 0.890000
v -2.325000 0.385000 0.890000
v -2.975000 0.385000 0.890000
v -2.975000 0.335000 1.270000
v -2.325000 0.335000 1.270000
v -2.325000 0.385000 1.270000
v -2.975000 0.385000 1.270000
f 484 483 482 481
f 485 486 487 488
f 481 482 486 485
f 482 483 487 486
f 483 484 488 487
f 484 481 485 488
o 40_Infeed_back
usemtl steel
v -2.985000 -0.380000 0.890000
v -2.935000 -0.380000 0.890000
v -2.935000 0.380000 0.890000
v -2.985000 0.380000 0.890000
v -2.985000 -0.380000 1.270000
v -2.935000 -0.380000 1.270000
v -2.935000 0.380000 1.270000
v -2.985000 0.380000 1.270000
f 492 491 490 489
f 493 494 495 496
f 489 490 494 493
f 490 491 495 494
f 491 492 496 495
f 492 489 493 496
o 41_Support
usemtl steel
v -2.760000 -0.060000 0.000000
v -2.640000 -0.060000 0.000000
v -2.640000 0.060000 0.000000
v -2.760000 0.060000 0.000000
v -2.760000 -0.060000 0.840000
v -2.640000 -0.060000 0.840000
v -2.640000 0.060000 0.840000
v -2.760000 0.060000 0.840000
f 500 499 498 497
f 501 502 503 504
f 497 498 502 501
f 498 499 503 502
f 499 500 504 503
f 500 497 501 504
o 42_Post
usemtl steel
v -1.240000 -0.660000 0.770000
v -1.160000 -0.660000 0.770000
v -1.160000 -0.580000 0.770000
v -1.240000 -0.580000 0.770000
v -1.240000 -0.660000 1.770000
v -1.160000 -0.660000 1.770000
v -1.160000 -0.580000 1.770000
v -1.240000 -0.580000 1.770000
f 508 507 506 505
f 509 510 511 512
f 505 506 510 509
f 506 507 511 510
f 507 508 512 511
f 508 505 509 512
o 43_Mount
usemtl steel
v -1.310000 -0.710000 0.750000
v -1.090000 -0.710000 0.750000
v -1.090000 -0.530000 0.750000
v -1.310000 -0.530000 0.750000
v -1.310000 -0.710000 0.830000
v -1.090000 -0.710000 0.830000
v -1.090000 -0.530000 0.830000
v -1.310000 -0.530000 0.830000
f 516 515 514 513
f 517 518 519 520
f 513 514 518 517
f 514 515 519 518
f 515 516 520 519
f 516 513 517 520
o 44_Post
usemtl steel
v -1.240000 0.580000 0.770000
v -1.160000 0.580000 0.770000
v -1.160000 0.660000 0.770000
v -1.240000 0.660000 0.770000
v -1.240000 0.580000 1.770000
v -1.160000 0.580000 1.770000
v -1.160000 0.660000 1.770000
v -1.240000 0.660000 1.770000
f 524 523 522 521
f 525 526 527 528
f 521 522 526 525
f 522 523 527 526
f 523 524 528 527
f 524 521 525 528
o 45_Mount
usemtl steel
v -1.310000 0.530000 0.750000
v -1.090000 0.530000 0.750000
v -1.090000 0.710000 0.750000
v -1.310000 0.710000 0.750000
v -1.310000 0.530000 0.830000
v -1.090000 0.530000 0.830000
v -1.090000 0.710000 0.830000
v -1.310000 0.710000 0.830000
f 532 531 530 529
f 533 534 535 536
f 529 530 534 533
f 530 531 535 534
f 531 532 536 535
f 532 529 533 536
o 46_Crossbeam
usemtl steel
v -1.260000 -0.700000 1.730000
v -1.140000 -0.700000 1.730000
v -1.140000 0.700000 1.730000
v -1.260000 0.700000 1.730000
v -1.260000 -0.700000 1.830000
v -1.140000 -0.700000 1.830000
v -1.140000 0.700000 1.830000
v -1.260000 0.700000 1.830000
f 540 539 538 537
f 541 542 543 544
f 537 538 542 541
f 538 539 543 542
f 539 540 544 543
f 540 537 541 544
o 47_Camera_body
usemtl dark
v -1.325000 -0.105000 1.585000
v -1.075000 -0.105000 1.585000
v -1.075000 0.105000 1.585000
v -1.325000 0.105000 1.585000
v -1.325000 -0.105000 1.735000
v -1.075000 -0.105000 1.735000
v -1.075000 0.105000 1.735000
v -1.325000 0.105000 1.735000
f 548 547 546 545
f 549 550 551 552
f 545 546 550 549
f 546 547 551 550
f 547 548 552 551
f 548 545 549 552
o 48_Camera_lens
usemtl dark
v -1.130000 0.000000 1.525000
v -1.131345 0.013656 1.525000
v -1.135328 0.026788 1.525000
v -1.141797 0.038890 1.525000
v -1.150503 0.049497 1.525000
v -1.161110 0.058203 1.525000
v -1.173212 0.064672 1.525000
v -1.186344 0.068655 1.525000
v -1.200000 0.070000 1.525000
v -1.213656 0.068655 1.525000
v -1.226788 0.064672 1.525000
v -1.238890 0.058203 1.525000
v -1.249497 0.049497 1.525000
v -1.258203 0.038890 1.525000
v -1.264672 0.026788 1.525000
v -1.268655 0.013656 1.525000
v -1.270000 0.000000 1.525000
v -1.268655 -0.013656 1.525000
v -1.264672 -0.026788 1.525000
v -1.258203 -0.038890 1.525000
v -1.249497 -0.049497 1.525000
v -1.238890 -0.058203 1.525000
v -1.226788 -0.064672 1.525000
v -1.213656 -0.068655 1.525000
v -1.200000 -0.070000 1.525000
v -1.186344 -0.068655 1.525000
v -1.173212 -0.064672 1.525000
v -1.161110 -0.058203 1.525000
v -1.150503 -0.049497 1.525000
v -1.141797 -0.038890 1.525000
v -1.135328 -0.026788 1.525000
v -1.131345 -0.013656 1.525000
v -1.130000 0.000000 1.595000
v -1.131345 0.013656 1.595000
v -1.135328 0.026788 1.595000
v -1.141797 0.038890 1.595000
v -1.150503 0.049497 1.595000
v -1.161110 0.058203 1.595000
v -1.173212 0.064672 1.595000
v -1.186344 0.068655 1.595000
v -1.200000 0.070000 1.595000
v -1.213656 0.068655 1.595000
v -1.226788 0.064672 1.595000
v -1.238890 0.058203 1.595000
v -1.249497 0.049497 1.595000
v -1.258203 0.038890 1.595000
v -1.264672 0.026788 1.595000
v -1.268655 0.013656 1.595000
v -1.270000 0.000000 1.595000
v -1.268655 -0.013656 1.595000
v -1.264672 -0.026788 1.595000
v -1.258203 -0.038890 1.595000
v -1.249497 -0.049497 1.595000
v -1.238890 -0.058203 1.595000
v -1.226788 -0.064672 1.595000
v -1.213656 -0.068655 1.595000
v -1.200000 -0.070000 1.595000
v -1.186344 -0.068655 1.595000
v -1.173212 -0.064672 1.595000
v -1.161110 -0.058203 1.595000
v -1.150503 -0.049497 1.595000
v -1.141797 -0.038890 1.595000
v -1.135328 -0.026788 1.595000
v -1.131345 -0.013656 1.595000
f 584 583 582 581 580 579 578 577 576 575 574 573 572 571 570 569 568 567 566 565 564 563 562 561 560 559 558 557 556 555 554 553
f 585 586 587 588 589 590 591 592 593 594 595 596 597 598 599 600 601 602 603 604 605 606 607 608 609 610 611 612 613 614 615 616
f 553 554 586 585
f 554 555 587 586
f 555 556 588 587
f 556 557 589 588
f 557 558 590 589
f 558 559 591 590
f 559 560 592 591
f 560 561 593 592
f 561 562 594 593
f 562 563 595 594
f 563 564 596 595
f 564 565 597 596
f 565 566 598 597
f 566 567 599 598
f 567 568 600 599
f 568 569 601 600
f 569 570 602 601
f 570 571 603 602
f 571 572 604 603
f 572 573 605 604
f 573 574 606 605
f 574 575 607 606
f 575 576 608 607
f 576 577 609 608
f 577 578 610 609
f 578 579 611 610
f 579 580 612 611
f 580 581 613 612
f 581 582 614 613
f 582 583 615 614
f 583 584 616 615
f 584 553 585 616
o 49_Lens_glass
usemtl blue
v -1.148000 0.000000 1.515500
v -1.148999 0.010145 1.515500
v -1.151958 0.019900 1.515500
v -1.156764 0.028890 1.515500
v -1.163230 0.036770 1.515500
v -1.171110 0.043236 1.515500
v -1.180100 0.048042 1.515500
v -1.189855 0.051001 1.515500
v -1.200000 0.052000 1.515500
v -1.210145 0.051001 1.515500
v -1.219900 0.048042 1.515500
v -1.228890 0.043236 1.515500
v -1.236770 0.036770 1.515500
v -1.243236 0.028890 1.515500
v -1.248042 0.019900 1.515500
v -1.251001 0.010145 1.515500
v -1.252000 0.000000 1.515500
v -1.251001 -0.010145 1.515500
v -1.248042 -0.019900 1.515500
v -1.243236 -0.028890 1.515500
v -1.236770 -0.036770 1.515500
v -1.228890 -0.043236 1.515500
v -1.219900 -0.048042 1.515500
v -1.210145 -0.051001 1.515500
v -1.200000 -0.052000 1.515500
v -1.189855 -0.051001 1.515500
v -1.180100 -0.048042 1.515500
v -1.171110 -0.043236 1.515500
v -1.163230 -0.036770 1.515500
v -1.156764 -0.028890 1.515500
v -1.151958 -0.019900 1.515500
v -1.148999 -0.010145 1.515500
v -1.148000 0.000000 1.524500
v -1.148999 0.010145 1.524500
v -1.151958 0.019900 1.524500
v -1.156764 0.028890 1.524500
v -1.163230 0.036770 1.524500
v -1.171110 0.043236 1.524500
v -1.180100 0.048042 1.524500
v -1.189855 0.051001 1.524500
v -1.200000 0.052000 1.524500
v -1.210145 0.051001 1.524500
v -1.219900 0.048042 1.524500
v -1.228890 0.043236 1.524500
v -1.236770 0.036770 1.524500
v -1.243236 0.028890 1.524500
v -1.248042 0.019900 1.524500
v -1.251001 0.010145 1.524500
v -1.252000 0.000000 1.524500
v -1.251001 -0.010145 1.524500
v -1.248042 -0.019900 1.524500
v -1.243236 -0.028890 1.524500
v -1.236770 -0.036770 1.524500
v -1.228890 -0.043236 1.524500
v -1.219900 -0.048042 1.524500
v -1.210145 -0.051001 1.524500
v -1.200000 -0.052000 1.524500
v -1.189855 -0.051001 1.524500
v -1.180100 -0.048042 1.524500
v -1.171110 -0.043236 1.524500
v -1.163230 -0.036770 1.524500
v -1.156764 -0.028890 1.524500
v -1.151958 -0.019900 1.524500
v -1.148999 -0.010145 1.524500
f 648 647 646 645 644 643 642 641 640 639 638 637 636 635 634 633 632 631 630 629 628 627 626 625 624 623 622 621 620 619 618 617
f 649 650 651 652 653 654 655 656 657 658 659 660 661 662 663 664 665 666 667 668 669 670 671 672 673 674 675 676 677 678 679 680
f 617 618 650 649
f 618 619 651 650
f 619 620 652 651
f 620 621 653 652
f 621 622 654 653
f 622 623 655 654
f 623 624 656 655
f 624 625 657 656
f 625 626 658 657
f 626 627 659 658
f 627 628 660 659
f 628 629 661 660
f 629 630 662 661
f 630 631 663 662
f 631 632 664 663
f 632 633 665 664
f 633 634 666 665
f 634 635 667 666
f 635 636 668 667
f 636 637 669 668
f 637 638 670 669
f 638 639 671 670
f 639 640 672 671
f 640 641 673 672
f 641 642 674 673
f 642 643 675 674
f 643 644 676 675
f 644 645 677 676
f 645 646 678 677
f 646 647 679 678
f 647 648 680 679
f 648 617 649 680
o 50_LED_bar
usemtl white
v -1.475000 -0.372500 1.597500
v -0.925000 -0.372500 1.597500
v -0.925000 -0.307500 1.597500
v -1.475000 -0.307500 1.597500
v -1.475000 -0.372500 1.642500
v -0.925000 -0.372500 1.642500
v -0.925000 -0.307500 1.642500
v -1.475000 -0.307500 1.642500
f 684 683 682 681
f 685 686 687 688
f 681 682 686 685
f 682 683 687 686
f 683 684 688 687
f 684 681 685 688
o 51_LED_bar
usemtl white
v -1.475000 0.307500 1.597500
v -0.925000 0.307500 1.597500
v -0.925000 0.372500 1.597500
v -1.475000 0.372500 1.597500
v -1.475000 0.307500 1.642500
v -0.925000 0.307500 1.642500
v -0.925000 0.372500 1.642500
v -1.475000 0.372500 1.642500
f 692 691 690 689
f 693 694 695 696
f 689 690 694 693
f 690 691 695 694
f 691 692 696 695
f 692 689 693 696
o 52_Sensor_mount
usemtl steel
v -1.690000 0.440000 0.830000
v -1.610000 0.440000 0.830000
v -1.610000 0.560000 0.830000
v -1.690000 0.560000 0.830000
v -1.690000 0.440000 1.210000
v -1.610000 0.440000 1.210000
v -1.610000 0.560000 1.210000
v -1.690000 0.560000 1.210000
f 700 699 698 697
f 701 702 703 704
f 697 698 702 701
f 698 699 703 702
f 699 700 704 703
f 700 697 701 704
o 53_VL53L0X_board
usemtl pcb
v -1.690000 0.416000 1.120000
v -1.610000 0.416000 1.120000
v -1.610000 0.434000 1.120000
v -1.690000 0.434000 1.120000
v -1.690000 0.416000 1.180000
v -1.610000 0.416000 1.180000
v -1.610000 0.434000 1.180000
v -1.690000 0.434000 1.180000
f 708 707 706 705
f 709 710 711 712
f 705 706 710 709
f 706 707 711 710
f 707 708 712 711
f 708 705 709 712
o 54_Optical_window
usemtl dark
v -1.637000 0.418000 1.150000
v -1.637250 0.418000 1.152536
v -1.637990 0.418000 1.154975
v -1.639191 0.418000 1.157222
v -1.640808 0.418000 1.159192
v -1.642778 0.418000 1.160809
v -1.645025 0.418000 1.162010
v -1.647464 0.418000 1.162750
v -1.650000 0.418000 1.163000
v -1.652536 0.418000 1.162750
v -1.654975 0.418000 1.162010
v -1.657222 0.418000 1.160809
v -1.659192 0.418000 1.159192
v -1.660809 0.418000 1.157222
v -1.662010 0.418000 1.154975
v -1.662750 0.418000 1.152536
v -1.663000 0.418000 1.150000
v -1.662750 0.418000 1.147464
v -1.662010 0.418000 1.145025
v -1.660809 0.418000 1.142778
v -1.659192 0.418000 1.140808
v -1.657222 0.418000 1.139191
v -1.654975 0.418000 1.137990
v -1.652536 0.418000 1.137250
v -1.650000 0.418000 1.137000
v -1.647464 0.418000 1.137250
v -1.645025 0.418000 1.137990
v -1.642778 0.418000 1.139191
v -1.640808 0.418000 1.140808
v -1.639191 0.418000 1.142778
v -1.637990 0.418000 1.145025
v -1.637250 0.418000 1.147464
v -1.637000 0.400000 1.150000
v -1.637250 0.400000 1.152536
v -1.637990 0.400000 1.154975
v -1.639191 0.400000 1.157222
v -1.640808 0.400000 1.159192
v -1.642778 0.400000 1.160809
v -1.645025 0.400000 1.162010
v -1.647464 0.400000 1.162750
v -1.650000 0.400000 1.163000
v -1.652536 0.400000 1.162750
v -1.654975 0.400000 1.162010
v -1.657222 0.400000 1.160809
v -1.659192 0.400000 1.159192
v -1.660809 0.400000 1.157222
v -1.662010 0.400000 1.154975
v -1.662750 0.400000 1.152536
v -1.663000 0.400000 1.150000
v -1.662750 0.400000 1.147464
v -1.662010 0.400000 1.145025
v -1.660809 0.400000 1.142778
v -1.659192 0.400000 1.140808
v -1.657222 0.400000 1.139191
v -1.654975 0.400000 1.137990
v -1.652536 0.400000 1.137250
v -1.650000 0.400000 1.137000
v -1.647464 0.400000 1.137250
v -1.645025 0.400000 1.137990
v -1.642778 0.400000 1.139191
v -1.640808 0.400000 1.140808
v -1.639191 0.400000 1.142778
v -1.637990 0.400000 1.145025
v -1.637250 0.400000 1.147464
f 744 743 742 741 740 739 738 737 736 735 734 733 732 731 730 729 728 727 726 725 724 723 722 721 720 719 718 717 716 715 714 713
f 745 746 747 748 749 750 751 752 753 754 755 756 757 758 759 760 761 762 763 764 765 766 767 768 769 770 771 772 773 774 775 776
f 713 714 746 745
f 714 715 747 746
f 715 716 748 747
f 716 717 749 748
f 717 718 750 749
f 718 719 751 750
f 719 720 752 751
f 720 721 753 752
f 721 722 754 753
f 722 723 755 754
f 723 724 756 755
f 724 725 757 756
f 725 726 758 757
f 726 727 759 758
f 727 728 760 759
f 728 729 761 760
f 729 730 762 761
f 730 731 763 762
f 731 732 764 763
f 732 733 765 764
f 733 734 766 765
f 734 735 767 766
f 735 736 768 767
f 736 737 769 768
f 737 738 770 769
f 738 739 771 770
f 739 740 772 771
f 740 741 773 772
f 741 742 774 773
f 742 743 775 774
f 743 744 776 775
f 744 713 745 776
o 55_Base
usemtl dark
v 0.710000 0.890000 0.000000
v 0.705004 0.940723 0.000000
v 0.690209 0.989498 0.000000
v 0.666182 1.034448 0.000000
v 0.633848 1.073848 0.000000
v 0.594448 1.106182 0.000000
v 0.549498 1.130209 0.000000
v 0.500723 1.145004 0.000000
v 0.450000 1.150000 0.000000
v 0.399277 1.145004 0.000000
v 0.350502 1.130209 0.000000
v 0.305552 1.106182 0.000000
v 0.266152 1.073848 0.000000
v 0.233818 1.034448 0.000000
v 0.209791 0.989498 0.000000
v 0.194996 0.940723 0.000000
v 0.190000 0.890000 0.000000
v 0.194996 0.839277 0.000000
v 0.209791 0.790502 0.000000
v 0.233818 0.745552 0.000000
v 0.266152 0.706152 0.000000
v 0.305552 0.673818 0.000000
v 0.350502 0.649791 0.000000
v 0.399277 0.634996 0.000000
v 0.450000 0.630000 0.000000
v 0.500723 0.634996 0.000000
v 0.549498 0.649791 0.000000
v 0.594448 0.673818 0.000000
v 0.633848 0.706152 0.000000
v 0.666182 0.745552 0.000000
v 0.690209 0.790502 0.000000
v 0.705004 0.839277 0.000000
v 0.710000 0.890000 0.180000
v 0.705004 0.940723 0.180000
v 0.690209 0.989498 0.180000
v 0.666182 1.034448 0.180000
v 0.633848 1.073848 0.180000
v 0.594448 1.106182 0.180000
v 0.549498 1.130209 0.180000
v 0.500723 1.145004 0.180000
v 0.450000 1.150000 0.180000
v 0.399277 1.145004 0.180000
v 0.350502 1.130209 0.180000
v 0.305552 1.106182 0.180000
v 0.266152 1.073848 0.180000
v 0.233818 1.034448 0.180000
v 0.209791 0.989498 0.180000
v 0.194996 0.940723 0.180000
v 0.190000 0.890000 0.180000
v 0.194996 0.839277 0.180000
v 0.209791 0.790502 0.180000
v 0.233818 0.745552 0.180000
v 0.266152 0.706152 0.180000
v 0.305552 0.673818 0.180000
v 0.350502 0.649791 0.180000
v 0.399277 0.634996 0.180000
v 0.450000 0.630000 0.180000
v 0.500723 0.634996 0.180000
v 0.549498 0.649791 0.180000
v 0.594448 0.673818 0.180000
v 0.633848 0.706152 0.180000
v 0.666182 0.745552 0.180000
v 0.690209 0.790502 0.180000
v 0.705004 0.839277 0.180000
f 808 807 806 805 804 803 802 801 800 799 798 797 796 795 794 793 792 791 790 789 788 787 786 785 784 783 782 781 780 779 778 777
f 809 810 811 812 813 814 815 816 817 818 819 820 821 822 823 824 825 826 827 828 829 830 831 832 833 834 835 836 837 838 839 840
f 777 778 810 809
f 778 779 811 810
f 779 780 812 811
f 780 781 813 812
f 781 782 814 813
f 782 783 815 814
f 783 784 816 815
f 784 785 817 816
f 785 786 818 817
f 786 787 819 818
f 787 788 820 819
f 788 789 821 820
f 789 790 822 821
f 790 791 823 822
f 791 792 824 823
f 792 793 825 824
f 793 794 826 825
f 794 795 827 826
f 795 796 828 827
f 796 797 829 828
f 797 798 830 829
f 798 799 831 830
f 799 800 832 831
f 800 801 833 832
f 801 802 834 833
f 802 803 835 834
f 803 804 836 835
f 804 805 837 836
f 805 806 838 837
f 806 807 839 838
f 807 808 840 839
f 808 777 809 840
o 56_Rotary_base
usemtl green
v 0.620000 0.890000 0.170000
v 0.616733 0.923165 0.170000
v 0.607060 0.955056 0.170000
v 0.591350 0.984447 0.170000
v 0.570208 1.010208 0.170000
v 0.544447 1.031350 0.170000
v 0.515056 1.047060 0.170000
v 0.483165 1.056733 0.170000
v 0.450000 1.060000 0.170000
v 0.416835 1.056733 0.170000
v 0.384944 1.047060 0.170000
v 0.355553 1.031350 0.170000
v 0.329792 1.010208 0.170000
v 0.308650 0.984447 0.170000
v 0.292940 0.955056 0.170000
v 0.283267 0.923165 0.170000
v 0.280000 0.890000 0.170000
v 0.283267 0.856835 0.170000
v 0.292940 0.824944 0.170000
v 0.308650 0.795553 0.170000
v 0.329792 0.769792 0.170000
v 0.355553 0.748650 0.170000
v 0.384944 0.732940 0.170000
v 0.416835 0.723267 0.170000
v 0.450000 0.720000 0.170000
v 0.483165 0.723267 0.170000
v 0.515056 0.732940 0.170000
v 0.544447 0.748650 0.170000
v 0.570208 0.769792 0.170000
v 0.591350 0.795553 0.170000
v 0.607060 0.824944 0.170000
v 0.616733 0.856835 0.170000
v 0.620000 0.890000 0.590000
v 0.616733 0.923165 0.590000
v 0.607060 0.955056 0.590000
v 0.591350 0.984447 0.590000
v 0.570208 1.010208 0.590000
v 0.544447 1.031350 0.590000
v 0.515056 1.047060 0.590000
v 0.483165 1.056733 0.590000
v 0.450000 1.060000 0.590000
v 0.416835 1.056733 0.590000
v 0.384944 1.047060 0.590000
v 0.355553 1.031350 0.590000
v 0.329792 1.010208 0.590000
v 0.308650 0.984447 0.590000
v 0.292940 0.955056 0.590000
v 0.283267 0.923165 0.590000
v 0.280000 0.890000 0.590000
v 0.283267 0.856835 0.590000
v 0.292940 0.824944 0.590000
v 0.308650 0.795553 0.590000
v 0.329792 0.769792 0.590000
v 0.355553 0.748650 0.590000
v 0.384944 0.732940 0.590000
v 0.416835 0.723267 0.590000
v 0.450000 0.720000 0.590000
v 0.483165 0.723267 0.590000
v 0.515056 0.732940 0.590000
v 0.544447 0.748650 0.590000
v 0.570208 0.769792 0.590000
v 0.591350 0.795553 0.590000
v 0.607060 0.824944 0.590000
v 0.616733 0.856835 0.590000
f 872 871 870 869 868 867 866 865 864 863 862 861 860 859 858 857 856 855 854 853 852 851 850 849 848 847 846 845 844 843 842 841
f 873 874 875 876 877 878 879 880 881 882 883 884 885 886 887 888 889 890 891 892 893 894 895 896 897 898 899 900 901 902 903 904
f 841 842 874 873
f 842 843 875 874
f 843 844 876 875
f 844 845 877 876
f 845 846 878 877
f 846 847 879 878
f 847 848 880 879
f 848 849 881 880
f 849 850 882 881
f 850 851 883 882
f 851 852 884 883
f 852 853 885 884
f 853 854 886 885
f 854 855 887 886
f 855 856 888 887
f 856 857 889 888
f 857 858 890 889
f 858 859 891 890
f 859 860 892 891
f 860 861 893 892
f 861 862 894 893
f 862 863 895 894
f 863 864 896 895
f 864 865 897 896
f 865 866 898 897
f 866 867 899 898
f 867 868 900 899
f 868 869 901 900
f 869 870 902 901
f 870 871 903 902
f 871 872 904 903
f 872 841 873 904
o 57_Arm_link_0
usemtl green
v 0.523746 0.890000 0.576343
v 0.522928 0.904257 0.579839
v 0.519307 0.917967 0.583726
v 0.513023 0.930602 0.587853
v 0.504317 0.941676 0.592063
v 0.493523 0.950765 0.596194
v 0.481057 0.957518 0.600086
v 0.467397 0.961677 0.603591
v 0.453069 0.963081 0.606574
v 0.438623 0.961677 0.608920
v 0.424614 0.957518 0.610539
v 0.411581 0.950765 0.611368
v 0.400024 0.941676 0.611376
v 0.390388 0.930602 0.610563
v 0.383042 0.917967 0.608960
v 0.378270 0.904257 0.606628
v 0.376254 0.890000 0.603657
v 0.377072 0.875743 0.600161
v 0.380693 0.862033 0.596274
v 0.386977 0.849398 0.592147
v 0.395683 0.838324 0.587937
v 0.406477 0.829235 0.583806
v 0.418943 0.822482 0.579914
v 0.432603 0.818323 0.576409
v 0.446931 0.816919 0.573426
v 0.461377 0.818323 0.571080
v 0.475386 0.822482 0.569461
v 0.488419 0.829235 0.568632
v 0.499976 0.838324 0.568624
v 0.509612 0.849398 0.569437
v 0.516958 0.862033 0.571040
v 0.521730 0.875743 0.573372
v 0.673746 0.700000 1.386343
v 0.672928 0.714257 1.389839
v 0.669307 0.727967 1.393726
v 0.663023 0.740602 1.397853
v 0.654317 0.751676 1.402063
v 0.643523 0.760765 1.406194
v 0.631057 0.767518 1.410086
v 0.617397 0.771677 1.413591
v 0.603069 0.773081 1.416574
v 0.588623 0.771677 1.418920
v 0.574614 0.767518 1.420539
v 0.561581 0.760765 1.421368
v 0.550024 0.751676 1.421376
v 0.540388 0.740602 1.420563
v 0.533042 0.727967 1.418960
v 0.528270 0.714257 1.416628
v 0.526254 0.700000 1.413657
v 0.527072 0.685743 1.410161
v 0.530693 0.672033 1.406274
v 0.536977 0.659398 1.402147
v 0.545683 0.648324 1.397937
v 0.556477 0.639235 1.393806
v 0.568943 0.632482 1.389914
v 0.582603 0.628323 1.386409
v 0.596931 0.626919 1.383426
v 0.611377 0.628323 1.381080
v 0.625386 0.632482 1.379461
v 0.638419 0.639235 1.378632
v 0.649976 0.648324 1.378624
v 0.659612 0.659398 1.379437
v 0.666958 0.672033 1.381040
v 0.671730 0.685743 1.383372
f 936 935 934 933 932 931 930 929 928 927 926 925 924 923 922 921 920 919 918 917 916 915 914 913 912 911 910 909 908 907 906 905
f 937 938 939 940 941 942 943 944 945 946 947 948 949 950 951 952 953 954 955 956 957 958 959 960 961 962 963 964 965 966 967 968
f 905 906 938 937
f 906 907 939 938
f 907 908 940 939
f 908 909 941 940
f 909 910 942 941
f 910 911 943 942
f 911 912 944 943
f 912 913 945 944
f 913 914 946 945
f 914 915 947 946
f 915 916 948 947
f 916 917 949 948
f 917 918 950 949
f 918 919 951 950
f 919 920 952 951
f 920 921 953 952
f 921 922 954 953
f 922 923 955 954
f 923 924 956 955
f 924 925 957 956
f 925 926 958 957
f 926 927 959 958
f 927 928 960 959
f 928 929 961 960
f 929 930 962 961
f 930 931 963 962
f 931 932 964 963
f 932 933 965 964
f 933 934 966 965
f 934 935 967 966
f 935 936 968 967
f 936 905 937 968
o 58_Joint_0
usemtl steel
v 0.560000 0.980000 0.590000
v 0.557886 0.980000 0.611460
v 0.551627 0.980000 0.632095
v 0.541462 0.980000 0.651113
v 0.527782 0.980000 0.667782
v 0.511113 0.980000 0.681462
v 0.492095 0.980000 0.691627
v 0.471460 0.980000 0.697886
v 0.450000 0.980000 0.700000
v 0.428540 0.980000 0.697886
v 0.407905 0.980000 0.691627
v 0.388887 0.980000 0.681462
v 0.372218 0.980000 0.667782
v 0.358538 0.980000 0.651113
v 0.348373 0.980000 0.632095
v 0.342114 0.980000 0.611460
v 0.340000 0.980000 0.590000
v 0.342114 0.980000 0.568540
v 0.348373 0.980000 0.547905
v 0.358538 0.980000 0.528887
v 0.372218 0.980000 0.512218
v 0.388887 0.980000 0.498538
v 0.407905 0.980000 0.488373
v 0.428540 0.980000 0.482114
v 0.450000 0.980000 0.480000
v 0.471460 0.980000 0.482114
v 0.492095 0.980000 0.488373
v 0.511113 0.980000 0.498538
v 0.527782 0.980000 0.512218
v 0.541462 0.980000 0.528887
v 0.551627 0.980000 0.547905
v 0.557886 0.980000 0.568540
v 0.560000 0.800000 0.590000
v 0.557886 0.800000 0.611460
v 0.551627 0.800000 0.632095
v 0.541462 0.800000 0.651113
v 0.527782 0.800000 0.667782
v 0.511113 0.800000 0.681462
v 0.492095 0.800000 0.691627
v 0.471460 0.800000 0.697886
v 0.450000 0.800000 0.700000
v 0.428540 0.800000 0.697886
v 0.407905 0.800000 0.691627
v 0.388887 0.800000 0.681462
v 0.372218 0.800000 0.667782
v 0.358538 0.800000 0.651113
v 0.348373 0.800000 0.632095
v 0.342114 0.800000 0.611460
v 0.340000 0.800000 0.590000
v 0.342114 0.800000 0.568540
v 0.348373 0.800000 0.547905
v 0.358538 0.800000 0.528887
v 0.372218 0.800000 0.512218
v 0.388887 0.800000 0.498538
v 0.407905 0.800000 0.488373
v 0.428540 0.800000 0.482114
v 0.450000 0.800000 0.480000
v 0.471460 0.800000 0.482114
v 0.492095 0.800000 0.488373
v 0.511113 0.800000 0.498538
v 0.527782 0.800000 0.512218
v 0.541462 0.800000 0.528887
v 0.551627 0.800000 0.547905
v 0.557886 0.800000 0.568540
f 1000 999 998 997 996 995 994 993 992 991 990 989 988 987 986 985 984 983 982 981 980 979 978 977 976 975 974 973 972 971 970 969
f 1001 1002 1003 1004 1005 1006 1007 1008 1009 1010 1011 1012 1013 1014 1015 1016 1017 1018 1019 1020 1021 1022 1023 1024 1025 1026 1027 1028 1029 1030 1031 1032
f 969 970 1002 1001
f 970 971 1003 1002
f 971 972 1004 1003
f 972 973 1005 1004
f 973 974 1006 1005
f 974 975 1007 1006
f 975 976 1008 1007
f 976 977 1009 1008
f 977 978 1010 1009
f 978 979 1011 1010
f 979 980 1012 1011
f 980 981 1013 1012
f 981 982 1014 1013
f 982 983 1015 1014
f 983 984 1016 1015
f 984 985 1017 1016
f 985 986 1018 1017
f 986 987 1019 1018
f 987 988 1020 1019
f 988 989 1021 1020
f 989 990 1022 1021
f 990 991 1023 1022
f 991 992 1024 1023
f 992 993 1025 1024
f 993 994 1026 1025
f 994 995 1027 1026
f 995 996 1028 1027
f 996 997 1029 1028
f 997 998 1030 1029
f 998 999 1031 1030
f 999 1000 1032 1031
f 1000 969 1001 1032
o 59_Arm_link_1
usemtl green
v 0.673135 0.700000 1.416622
v 0.668708 0.705304 1.429600
v 0.661640 0.710405 1.441440
v 0.652203 0.715106 1.451688
v 0.640761 0.719226 1.459950
v 0.627751 0.722607 1.465907
v 0.613676 0.725120 1.469332
v 0.599075 0.726667 1.470093
v 0.584509 0.727189 1.468160
v 0.570539 0.726667 1.463608
v 0.557701 0.725120 1.456611
v 0.546488 0.722607 1.447438
v 0.537332 0.719226 1.436443
v 0.530584 0.715106 1.424047
v 0.526504 0.710405 1.410727
v 0.525248 0.705304 1.396995
v 0.526865 0.700000 1.383378
v 0.531292 0.694696 1.370400
v 0.538360 0.689595 1.358560
v 0.547797 0.684894 1.348312
v 0.559239 0.680774 1.340050
v 0.572249 0.677393 1.334093
v 0.586324 0.674880 1.330668
v 0.600925 0.673333 1.329907
v 0.615491 0.672811 1.331840
v 0.629461 0.673333 1.336392
v 0.642299 0.674880 1.343389
v 0.653512 0.677393 1.352562
v 0.662668 0.680774 1.363557
v 0.669416 0.684894 1.375953
v 0.673496 0.689595 1.389273
v 0.674752 0.694696 1.403005
v 0.623135 0.120000 1.636622
v 0.618708 0.125304 1.649600
v 0.611640 0.130405 1.661440
v 0.602203 0.135106 1.671688
v 0.590761 0.139226 1.679950
v 0.577751 0.142607 1.685907
v 0.563676 0.145120 1.689332
v 0.549075 0.146667 1.690093
v 0.534509 0.147189 1.688160
v 0.520539 0.146667 1.683608
v 0.507701 0.145120 1.676611
v 0.496488 0.142607 1.667438
v 0.487332 0.139226 1.656443
v 0.480584 0.135106 1.644047
v 0.476504 0.130405 1.630727
v 0.475248 0.125304 1.616995
v 0.476865 0.120000 1.603378
v 0.481292 0.114696 1.590400
v 0.488360 0.109595 1.578560
v 0.497797 0.104894 1.568312
v 0.509239 0.100774 1.560050
v 0.522249 0.097393 1.554093
v 0.536324 0.094880 1.550668
v 0.550925 0.093333 1.549907
v 0.565491 0.092811 1.551840
v 0.579461 0.093333 1.556392
v 0.592299 0.094880 1.563389
v 0.603512 0.097393 1.572562
v 0.612668 0.100774 1.583557
v 0.619416 0.104894 1.595953
v 0.623496 0.109595 1.609273
v 0.624752 0.114696 1.623005
f 1064 1063 1062 1061 1060 1059 1058 1057 1056 1055 1054 1053 1052 1051 1050 1049 1048 1047 1046 1045 1044 1043 1042 1041 1040 1039 1038 1037 1036 1035 1034 1033
f 1065 1066 1067 1068 1069 1070 1071 1072 1073 1074 1075 1076 1077 1078 1079 1080 1081 1082 1083 1084 1085 1086 1087 1088 1089 1090 1091 1092 1093 1094 1095 1096
f 1033 1034 1066 1065
f 1034 1035 1067 1066
f 1035 1036 1068 1067
f 1036 1037 1069 1068
f 1037 1038 1070 1069
f 1038 1039 1071 1070
f 1039 1040 1072 1071
f 1040 1041 1073 1072
f 1041 1042 1074 1073
f 1042 1043 1075 1074
f 1043 1044 1076 1075
f 1044 1045 1077 1076
f 1045 1046 1078 1077
f 1046 1047 1079 1078
f 1047 1048 1080 1079
f 1048 1049 1081 1080
f 1049 1050 1082 1081
f 1050 1051 1083 1082
f 1051 1052 1084 1083
f 1052 1053 1085 1084
f 1053 1054 1086 1085
f 1054 1055 1087 1086
f 1055 1056 1088 1087
f 1056 1057 1089 1088
f 1057 1058 1090 1089
f 1058 1059 1091 1090
f 1059 1060 1092 1091
f 1060 1061 1093 1092
f 1061 1062 1094 1093
f 1062 1063 1095 1094
f 1063 1064 1096 1095
f 1064 1033 1065 1096
o 60_Joint_1
usemtl steel
v 0.710000 0.790000 1.400000
v 0.707886 0.790000 1.421460
v 0.701627 0.790000 1.442095
v 0.691462 0.790000 1.461113
v 0.677782 0.790000 1.477782
v 0.661113 0.790000 1.491462
v 0.642095 0.790000 1.501627
v 0.621460 0.790000 1.507886
v 0.600000 0.790000 1.510000
v 0.578540 0.790000 1.507886
v 0.557905 0.790000 1.501627
v 0.538887 0.790000 1.491462
v 0.522218 0.790000 1.477782
v 0.508538 0.790000 1.461113
v 0.498373 0.790000 1.442095
v 0.492114 0.790000 1.421460
v 0.490000 0.790000 1.400000
v 0.492114 0.790000 1.378540
v 0.498373 0.790000 1.357905
v 0.508538 0.790000 1.338887
v 0.522218 0.790000 1.322218
v 0.538887 0.790000 1.308538
v 0.557905 0.790000 1.298373
v 0.578540 0.790000 1.292114
v 0.600000 0.790000 1.290000
v 0.621460 0.790000 1.292114
v 0.642095 0.790000 1.298373
v 0.661113 0.790000 1.308538
v 0.677782 0.790000 1.322218
v 0.691462 0.790000 1.338887
v 0.701627 0.790000 1.357905
v 0.707886 0.790000 1.378540
v 0.710000 0.610000 1.400000
v 0.707886 0.610000 1.421460
v 0.701627 0.610000 1.442095
v 0.691462 0.610000 1.461113
v 0.677782 0.610000 1.477782
v 0.661113 0.610000 1.491462
v 0.642095 0.610000 1.501627
v 0.621460 0.610000 1.507886
v 0.600000 0.610000 1.510000
v 0.578540 0.610000 1.507886
v 0.557905 0.610000 1.501627
v 0.538887 0.610000 1.491462
v 0.522218 0.610000 1.477782
v 0.508538 0.610000 1.461113
v 0.498373 0.610000 1.442095
v 0.492114 0.610000 1.421460
v 0.490000 0.610000 1.400000
v 0.492114 0.610000 1.378540
v 0.498373 0.610000 1.357905
v 0.508538 0.610000 1.338887
v 0.522218 0.610000 1.322218
v 0.538887 0.610000 1.308538
v 0.557905 0.610000 1.298373
v 0.578540 0.610000 1.292114
v 0.600000 0.610000 1.290000
v 0.621460 0.610000 1.292114
v 0.642095 0.610000 1.298373
v 0.661113 0.610000 1.308538
v 0.677782 0.610000 1.322218
v 0.691462 0.610000 1.338887
v 0.701627 0.610000 1.357905
v 0.707886 0.610000 1.378540
f 1128 1127 1126 1125 1124 1123 1122 1121 1120 1119 1118 1117 1116 1115 1114 1113 1112 1111 1110 1109 1108 1107 1106 1105 1104 1103 1102 1101 1100 1099 1098 1097
f 1129 1130 1131 1132 1133 1134 1135 1136 1137 1138 1139 1140 1141 1142 1143 1144 1145 1146 1147 1148 1149 1150 1151 1152 1153 1154 1155 1156 1157 1158 1159 1160
f 1097 1098 1130 1129
f 1098 1099 1131 1130
f 1099 1100 1132 1131
f 1100 1101 1133 1132
f 1101 1102 1134 1133
f 1102 1103 1135 1134
f 1103 1104 1136 1135
f 1104 1105 1137 1136
f 1105 1106 1138 1137
f 1106 1107 1139 1138
f 1107 1108 1140 1139
f 1108 1109 1141 1140
f 1109 1110 1142 1141
f 1110 1111 1143 1142
f 1111 1112 1144 1143
f 1112 1113 1145 1144
f 1113 1114 1146 1145
f 1114 1115 1147 1146
f 1115 1116 1148 1147
f 1116 1117 1149 1148
f 1117 1118 1150 1149
f 1118 1119 1151 1150
f 1119 1120 1152 1151
f 1120 1121 1153 1152
f 1121 1122 1154 1153
f 1122 1123 1155 1154
f 1123 1124 1156 1155
f 1124 1125 1157 1156
f 1125 1126 1158 1157
f 1126 1127 1159 1158
f 1127 1128 1160 1159
f 1128 1097 1129 1160
o 61_Arm_link_2
usemtl green
v 0.475000 0.120000 1.620000
v 0.476441 0.133087 1.613456
v 0.480709 0.145671 1.607164
v 0.487640 0.157269 1.601366
v 0.496967 0.167434 1.596283
v 0.508332 0.175777 1.592112
v 0.521299 0.181976 1.589012
v 0.535368 0.185793 1.587103
v 0.550000 0.187082 1.586459
v 0.564632 0.185793 1.587103
v 0.578701 0.181976 1.589012
v 0.591668 0.175777 1.592112
v 0.603033 0.167434 1.596283
v 0.612360 0.157269 1.601366
v 0.619291 0.145671 1.607164
v 0.623559 0.133087 1.613456
v 0.625000 0.120000 1.620000
v 0.623559 0.106913 1.626544
v 0.619291 0.094329 1.632836
v 0.612360 0.082731 1.638634
v 0.603033 0.072566 1.643717
v 0.591668 0.064223 1.647888
v 0.578701 0.058024 1.650988
v 0.564632 0.054207 1.652897
v 0.550000 0.052918 1.653541
v 0.535368 0.054207 1.652897
v 0.521299 0.058024 1.650988
v 0.508332 0.064223 1.647888
v 0.496967 0.072566 1.643717
v 0.487640 0.082731 1.638634
v 0.480709 0.094329 1.632836
v 0.476441 0.106913 1.626544
v 0.475000 0.000000 1.380000
v 0.476441 0.013087 1.373456
v 0.480709 0.025671 1.367164
v 0.487640 0.037269 1.361366
v 0.496967 0.047434 1.356283
v 0.508332 0.055777 1.352112
v 0.521299 0.061976 1.349012
v 0.535368 0.065793 1.347103
v 0.550000 0.067082 1.346459
v 0.564632 0.065793 1.347103
v 0.578701 0.061976 1.349012
v 0.591668 0.055777 1.352112
v 0.603033 0.047434 1.356283
v 0.612360 0.037269 1.361366
v 0.619291 0.025671 1.367164
v 0.623559 0.013087 1.373456
v 0.625000 0.000000 1.380000
v 0.623559 -0.013087 1.386544
v 0.619291 -0.025671 1.392836
v 0.612360 -0.037269 1.398634
v 0.603033 -0.047434 1.403717
v 0.591668 -0.055777 1.407888
v 0.578701 -0.061976 1.410988
v 0.564632 -0.065793 1.412897
v 0.550000 -0.067082 1.413541
v 0.535368 -0.065793 1.412897
v 0.521299 -0.061976 1.410988
v 0.508332 -0.055777 1.407888
v 0.496967 -0.047434 1.403717
v 0.487640 -0.037269 1.398634
v 0.480709 -0.025671 1.392836
v 0.476441 -0.013087 1.386544
f 1192 1191 1190 1189 1188 1187 1186 1185 1184 1183 1182 1181 1180 1179 1178 1177 1176 1175 1174 1173 1172 1171 1170 1169 1168 1167 1166 1165 1164 1163 1162 1161
f 1193 1194 1195 1196 1197 1198 1199 1200 1201 1202 1203 1204 1205 1206 1207 1208 1209 1210 1211 1212 1213 1214 1215 1216 1217 1218 1219 1220 1221 1222 1223 1224
f 1161 1162 1194 1193
f 1162 1163 1195 1194
f 1163 1164 1196 1195
f 1164 1165 1197 1196
f 1165 1166 1198 1197
f 1166 1167 1199 1198
f 1167 1168 1200 1199
f 1168 1169 1201 1200
f 1169 1170 1202 1201
f 1170 1171 1203 1202
f 1171 1172 1204 1203
f 1172 1173 1205 1204
f 1173 1174 1206 1205
f 1174 1175 1207 1206
f 1175 1176 1208 1207
f 1176 1177 1209 1208
f 1177 1178 1210 1209
f 1178 1179 1211 1210
f 1179 1180 1212 1211
f 1180 1181 1213 1212
f 1181 1182 1214 1213
f 1182 1183 1215 1214
f 1183 1184 1216 1215
f 1184 1185 1217 1216
f 1185 1186 1218 1217
f 1186 1187 1219 1218
f 1187 1188 1220 1219
f 1188 1189 1221 1220
f 1189 1190 1222 1221
f 1190 1191 1223 1222
f 1191 1192 1224 1223
f 1192 1161 1193 1224
o 62_Joint_2
usemtl steel
v 0.660000 0.210000 1.620000
v 0.657886 0.210000 1.641460
v 0.651627 0.210000 1.662095
v 0.641462 0.210000 1.681113
v 0.627782 0.210000 1.697782
v 0.611113 0.210000 1.711462
v 0.592095 0.210000 1.721627
v 0.571460 0.210000 1.727886
v 0.550000 0.210000 1.730000
v 0.528540 0.210000 1.727886
v 0.507905 0.210000 1.721627
v 0.488887 0.210000 1.711462
v 0.472218 0.210000 1.697782
v 0.458538 0.210000 1.681113
v 0.448373 0.210000 1.662095
v 0.442114 0.210000 1.641460
v 0.440000 0.210000 1.620000
v 0.442114 0.210000 1.598540
v 0.448373 0.210000 1.577905
v 0.458538 0.210000 1.558887
v 0.472218 0.210000 1.542218
v 0.488887 0.210000 1.528538
v 0.507905 0.210000 1.518373
v 0.528540 0.210000 1.512114
v 0.550000 0.210000 1.510000
v 0.571460 0.210000 1.512114
v 0.592095 0.210000 1.518373
v 0.611113 0.210000 1.528538
v 0.627782 0.210000 1.542218
v 0.641462 0.210000 1.558887
v 0.651627 0.210000 1.577905
v 0.657886 0.210000 1.598540
v 0.660000 0.030000 1.620000
v 0.657886 0.030000 1.641460
v 0.651627 0.030000 1.662095
v 0.641462 0.030000 1.681113
v 0.627782 0.030000 1.697782
v 0.611113 0.030000 1.711462
v 0.592095 0.030000 1.721627
v 0.571460 0.030000 1.727886
v 0.550000 0.030000 1.730000
v 0.528540 0.030000 1.727886
v 0.507905 0.030000 1.721627
v 0.488887 0.030000 1.711462
v 0.472218 0.030000 1.697782
v 0.458538 0.030000 1.681113
v 0.448373 0.030000 1.662095
v 0.442114 0.030000 1.641460
v 0.440000 0.030000 1.620000
v 0.442114 0.030000 1.598540
v 0.448373 0.030000 1.577905
v 0.458538 0.030000 1.558887
v 0.472218 0.030000 1.542218
v 0.488887 0.030000 1.528538
v 0.507905 0.030000 1.518373
v 0.528540 0.030000 1.512114
v 0.550000 0.030000 1.510000
v 0.571460 0.030000 1.512114
v 0.592095 0.030000 1.518373
v 0.611113 0.030000 1.528538
v 0.627782 0.030000 1.542218
v 0.641462 0.030000 1.558887
v 0.651627 0.030000 1.577905
v 0.657886 0.030000 1.598540
f 1256 1255 1254 1253 1252 1251 1250 1249 1248 1247 1246 1245 1244 1243 1242 1241 1240 1239 1238 1237 1236 1235 1234 1233 1232 1231 1230 1229 1228 1227 1226 1225
f 1257 1258 1259 1260 1261 1262 1263 1264 1265 1266 1267 1268 1269 1270 1271 1272 1273 1274 1275 1276 1277 1278 1279 1280 1281 1282 1283 1284 1285 1286 1287 1288
f 1225 1226 1258 1257
f 1226 1227 1259 1258
f 1227 1228 1260 1259
f 1228 1229 1261 1260
f 1229 1230 1262 1261
f 1230 1231 1263 1262
f 1231 1232 1264 1263
f 1232 1233 1265 1264
f 1233 1234 1266 1265
f 1234 1235 1267 1266
f 1235 1236 1268 1267
f 1236 1237 1269 1268
f 1237 1238 1270 1269
f 1238 1239 1271 1270
f 1239 1240 1272 1271
f 1240 1241 1273 1272
f 1241 1242 1274 1273
f 1242 1243 1275 1274
f 1243 1244 1276 1275
f 1244 1245 1277 1276
f 1245 1246 1278 1277
f 1246 1247 1279 1278
f 1247 1248 1280 1279
f 1248 1249 1281 1280
f 1249 1250 1282 1281
f 1250 1251 1283 1282
f 1251 1252 1284 1283
f 1252 1253 1285 1284
f 1253 1254 1286 1285
f 1254 1255 1287 1286
f 1255 1256 1288 1287
f 1256 1225 1257 1288
o 63_Wrist
usemtl dark
v 0.635000 0.000000 1.320000
v 0.633367 0.016583 1.320000
v 0.628530 0.032528 1.320000
v 0.620675 0.047223 1.320000
v 0.610104 0.060104 1.320000
v 0.597223 0.070675 1.320000
v 0.582528 0.078530 1.320000
v 0.566583 0.083367 1.320000
v 0.550000 0.085000 1.320000
v 0.533417 0.083367 1.320000
v 0.517472 0.078530 1.320000
v 0.502777 0.070675 1.320000
v 0.489896 0.060104 1.320000
v 0.479325 0.047223 1.320000
v 0.471470 0.032528 1.320000
v 0.466633 0.016583 1.320000
v 0.465000 0.000000 1.320000
v 0.466633 -0.016583 1.320000
v 0.471470 -0.032528 1.320000
v 0.479325 -0.047223 1.320000
v 0.489896 -0.060104 1.320000
v 0.502777 -0.070675 1.320000
v 0.517472 -0.078530 1.320000
v 0.533417 -0.083367 1.320000
v 0.550000 -0.085000 1.320000
v 0.566583 -0.083367 1.320000
v 0.582528 -0.078530 1.320000
v 0.597223 -0.070675 1.320000
v 0.610104 -0.060104 1.320000
v 0.620675 -0.047223 1.320000
v 0.628530 -0.032528 1.320000
v 0.633367 -0.016583 1.320000
v 0.635000 0.000000 1.440000
v 0.633367 0.016583 1.440000
v 0.628530 0.032528 1.440000
v 0.620675 0.047223 1.440000
v 0.610104 0.060104 1.440000
v 0.597223 0.070675 1.440000
v 0.582528 0.078530 1.440000
v 0.566583 0.083367 1.440000
v 0.550000 0.085000 1.440000
v 0.533417 0.083367 1.440000
v 0.517472 0.078530 1.440000
v 0.502777 0.070675 1.440000
v 0.489896 0.060104 1.440000
v 0.479325 0.047223 1.440000
v 0.471470 0.032528 1.440000
v 0.466633 0.016583 1.440000
v 0.465000 0.000000 1.440000
v 0.466633 -0.016583 1.440000
v 0.471470 -0.032528 1.440000
v 0.479325 -0.047223 1.440000
v 0.489896 -0.060104 1.440000
v 0.502777 -0.070675 1.440000
v 0.517472 -0.078530 1.440000
v 0.533417 -0.083367 1.440000
v 0.550000 -0.085000 1.440000
v 0.566583 -0.083367 1.440000
v 0.582528 -0.078530 1.440000
v 0.597223 -0.070675 1.440000
v 0.610104 -0.060104 1.440000
v 0.620675 -0.047223 1.440000
v 0.628530 -0.032528 1.440000
v 0.633367 -0.016583 1.440000
f 1320 1319 1318 1317 1316 1315 1314 1313 1312 1311 1310 1309 1308 1307 1306 1305 1304 1303 1302 1301 1300 1299 1298 1297 1296 1295 1294 1293 1292 1291 1290 1289
f 1321 1322 1323 1324 1325 1326 1327 1328 1329 1330 1331 1332 1333 1334 1335 1336 1337 1338 1339 1340 1341 1342 1343 1344 1345 1346 1347 1348 1349 1350 1351 1352
f 1289 1290 1322 1321
f 1290 1291 1323 1322
f 1291 1292 1324 1323
f 1292 1293 1325 1324
f 1293 1294 1326 1325
f 1294 1295 1327 1326
f 1295 1296 1328 1327
f 1296 1297 1329 1328
f 1297 1298 1330 1329
f 1298 1299 1331 1330
f 1299 1300 1332 1331
f 1300 1301 1333 1332
f 1301 1302 1334 1333
f 1302 1303 1335 1334
f 1303 1304 1336 1335
f 1304 1305 1337 1336
f 1305 1306 1338 1337
f 1306 1307 1339 1338
f 1307 1308 1340 1339
f 1308 1309 1341 1340
f 1309 1310 1342 1341
f 1310 1311 1343 1342
f 1311 1312 1344 1343
f 1312 1313 1345 1344
f 1313 1314 1346 1345
f 1314 1315 1347 1346
f 1315 1316 1348 1347
f 1316 1317 1349 1348
f 1317 1318 1350 1349
f 1318 1319 1351 1350
f 1319 1320 1352 1351
f 1320 1289 1321 1352
o 64_Palm
usemtl green
v 0.410000 -0.110000 1.230000
v 0.690000 -0.110000 1.230000
v 0.690000 0.110000 1.230000
v 0.410000 0.110000 1.230000
v 0.410000 -0.110000 1.350000
v 0.690000 -0.110000 1.350000
v 0.690000 0.110000 1.350000
v 0.410000 0.110000 1.350000
f 1356 1355 1354 1353
f 1357 1358 1359 1360
f 1353 1354 1358 1357
f 1354 1355 1359 1358
f 1355 1356 1360 1359
f 1356 1353 1357 1360
o 65_Servo
usemtl dark
v 0.380000 -0.075000 1.240000
v 0.460000 -0.075000 1.240000
v 0.460000 0.075000 1.240000
v 0.380000 0.075000 1.240000
v 0.380000 -0.075000 1.360000
v 0.460000 -0.075000 1.360000
v 0.460000 0.075000 1.360000
v 0.380000 0.075000 1.360000
f 1364 1363 1362 1361
f 1365 1366 1367 1368
f 1361 1362 1366 1365
f 1362 1363 1367 1366
f 1363 1364 1368 1367
f 1364 1361 1365 1368
o 66_Proximal_finger
usemtl steel
v 0.394302 -0.070000 1.253953
v 0.394796 -0.064928 1.253878
v 0.396258 -0.060050 1.253653
v 0.398633 -0.055555 1.253287
v 0.401829 -0.051615 1.252796
v 0.405723 -0.048382 1.252196
v 0.410166 -0.045979 1.251513
v 0.414987 -0.044500 1.250771
v 0.420000 -0.044000 1.250000
v 0.425013 -0.044500 1.249229
v 0.429834 -0.045979 1.248487
v 0.434277 -0.048382 1.247804
v 0.438171 -0.051615 1.247204
v 0.441367 -0.055555 1.246713
v 0.443742 -0.060050 1.246347
v 0.445204 -0.064928 1.246122
v 0.445698 -0.070000 1.246047
v 0.445204 -0.075072 1.246122
v 0.443742 -0.079950 1.246347
v 0.441367 -0.084445 1.246713
v 0.438171 -0.088385 1.247204
v 0.434277 -0.091618 1.247804
v 0.429834 -0.094021 1.248487
v 0.425013 -0.095500 1.249229
v 0.420000 -0.096000 1.250000
v 0.414987 -0.095500 1.250771
v 0.410166 -0.094021 1.251513
v 0.405723 -0.091618 1.252196
v 0.401829 -0.088385 1.252796
v 0.398633 -0.084445 1.253287
v 0.396258 -0.079950 1.253653
v 0.394796 -0.075072 1.253878
v 0.374302 -0.070000 1.123953
v 0.374796 -0.064928 1.123878
v 0.376258 -0.060050 1.123653
v 0.378633 -0.055555 1.123287
v 0.381829 -0.051615 1.122796
v 0.385723 -0.048382 1.122196
v 0.390166 -0.045979 1.121513
v 0.394987 -0.044500 1.120771
v 0.400000 -0.044000 1.120000
v 0.405013 -0.044500 1.119229
v 0.409834 -0.045979 1.118487
v 0.414277 -0.048382 1.117804
v 0.418171 -0.051615 1.117204
v 0.421367 -0.055555 1.116713
v 0.423742 -0.060050 1.116347
v 0.425204 -0.064928 1.116122
v 0.425698 -0.070000 1.116047
v 0.425204 -0.075072 1.116122
v 0.423742 -0.079950 1.116347
v 0.421367 -0.084445 1.116713
v 0.418171 -0.088385 1.117204
v 0.414277 -0.091618 1.117804
v 0.409834 -0.094021 1.118487
v 0.405013 -0.095500 1.119229
v 0.400000 -0.096000 1.120000
v 0.394987 -0.095500 1.120771
v 0.390166 -0.094021 1.121513
v 0.385723 -0.091618 1.122196
v 0.381829 -0.088385 1.122796
v 0.378633 -0.084445 1.123287
v 0.376258 -0.079950 1.123653
v 0.374796 -0.075072 1.123878
f 1400 1399 1398 1397 1396 1395 1394 1393 1392 1391 1390 1389 1388 1387 1386 1385 1384 1383 1382 1381 1380 1379 1378 1377 1376 1375 1374 1373 1372 1371 1370 1369
f 1401 1402 1403 1404 1405 1406 1407 1408 1409 1410 1411 1412 1413 1414 1415 1416 1417 1418 1419 1420 1421 1422 1423 1424 1425 1426 1427 1428 1429 1430 1431 1432
f 1369 1370 1402 1401
f 1370 1371 1403 1402
f 1371 1372 1404 1403
f 1372 1373 1405 1404
f 1373 1374 1406 1405
f 1374 1375 1407 1406
f 1375 1376 1408 1407
f 1376 1377 1409 1408
f 1377 1378 1410 1409
f 1378 1379 1411 1410
f 1379 1380 1412 1411
f 1380 1381 1413 1412
f 1381 1382 1414 1413
f 1382 1383 1415 1414
f 1383 1384 1416 1415
f 1384 1385 1417 1416
f 1385 1386 1418 1417
f 1386 1387 1419 1418
f 1387 1388 1420 1419
f 1388 1389 1421 1420
f 1389 1390 1422 1421
f 1390 1391 1423 1422
f 1391 1392 1424 1423
f 1392 1393 1425 1424
f 1393 1394 1426 1425
f 1394 1395 1427 1426
f 1395 1396 1428 1427
f 1396 1397 1429 1428
f 1397 1398 1430 1429
f 1398 1399 1431 1430
f 1399 1400 1432 1431
f 1400 1369 1401 1432
o 67_Distal_finger
usemtl green
v 0.378083 -0.070000 1.113026
v 0.378504 -0.065513 1.113160
v 0.379751 -0.061198 1.113557
v 0.381776 -0.057222 1.114202
v 0.384502 -0.053737 1.115069
v 0.387823 -0.050876 1.116126
v 0.391613 -0.048751 1.117331
v 0.395724 -0.047442 1.118640
v 0.400000 -0.047000 1.120000
v 0.404276 -0.047442 1.121360
v 0.408387 -0.048751 1.122669
v 0.412177 -0.050876 1.123874
v 0.415498 -0.053737 1.124931
v 0.418224 -0.057222 1.125798
v 0.420249 -0.061198 1.126443
v 0.421496 -0.065513 1.126840
v 0.421917 -0.070000 1.126974
v 0.421496 -0.074487 1.126840
v 0.420249 -0.078802 1.126443
v 0.418224 -0.082778 1.125798
v 0.415498 -0.086263 1.124931
v 0.412177 -0.089124 1.123874
v 0.408387 -0.091249 1.122669
v 0.404276 -0.092558 1.121360
v 0.400000 -0.093000 1.120000
v 0.395724 -0.092558 1.118640
v 0.391613 -0.091249 1.117331
v 0.387823 -0.089124 1.116126
v 0.384502 -0.086263 1.115069
v 0.381776 -0.082778 1.114202
v 0.379751 -0.078802 1.113557
v 0.378504 -0.074487 1.113160
v 0.413083 -0.070000 1.003026
v 0.413504 -0.065513 1.003160
v 0.414751 -0.061198 1.003557
v 0.416776 -0.057222 1.004202
v 0.419502 -0.053737 1.005069
v 0.422823 -0.050876 1.006126
v 0.426613 -0.048751 1.007331
v 0.430724 -0.047442 1.008640
v 0.435000 -0.047000 1.010000
v 0.439276 -0.047442 1.011360
v 0.443387 -0.048751 1.012669
v 0.447177 -0.050876 1.013874
v 0.450498 -0.053737 1.014931
v 0.453224 -0.057222 1.015798
v 0.455249 -0.061198 1.016443
v 0.456496 -0.065513 1.016840
v 0.456917 -0.070000 1.016974
v 0.456496 -0.074487 1.016840
v 0.455249 -0.078802 1.016443
v 0.453224 -0.082778 1.015798
v 0.450498 -0.086263 1.014931
v 0.447177 -0.089124 1.013874
v 0.443387 -0.091249 1.012669
v 0.439276 -0.092558 1.011360
v 0.435000 -0.093000 1.010000
v 0.430724 -0.092558 1.008640
v 0.426613 -0.091249 1.007331
v 0.422823 -0.089124 1.006126
v 0.419502 -0.086263 1.005069
v 0.416776 -0.082778 1.004202
v 0.414751 -0.078802 1.003557
v 0.413504 -0.074487 1.003160
f 1464 1463 1462 1461 1460 1459 1458 1457 1456 1455 1454 1453 1452 1451 1450 1449 1448 1447 1446 1445 1444 1443 1442 1441 1440 1439 1438 1437 1436 1435 1434 1433
f 1465 1466 1467 1468 1469 1470 1471 1472 1473 1474 1475 1476 1477 1478 1479 1480 1481 1482 1483 1484 1485 1486 1487 1488 1489 1490 1491 1492 1493 1494 1495 1496
f 1433 1434 1466 1465
f 1434 1435 1467 1466
f 1435 1436 1468 1467
f 1436 1437 1469 1468
f 1437 1438 1470 1469
f 1438 1439 1471 1470
f 1439 1440 1472 1471
f 1440 1441 1473 1472
f 1441 1442 1474 1473
f 1442 1443 1475 1474
f 1443 1444 1476 1475
f 1444 1445 1477 1476
f 1445 1446 1478 1477
f 1446 1447 1479 1478
f 1447 1448 1480 1479
f 1448 1449 1481 1480
f 1449 1450 1482 1481
f 1450 1451 1483 1482
f 1451 1452 1484 1483
f 1452 1453 1485 1484
f 1453 1454 1486 1485
f 1454 1455 1487 1486
f 1455 1456 1488 1487
f 1456 1457 1489 1488
f 1457 1458 1490 1489
f 1458 1459 1491 1490
f 1459 1460 1492 1491
f 1460 1461 1493 1492
f 1461 1462 1494 1493
f 1462 1463 1495 1494
f 1463 1464 1496 1495
f 1464 1433 1465 1496
o 68_Knuckle
usemtl dark
v 0.454000 -0.035000 1.120000
v 0.453347 -0.035000 1.126633
v 0.451412 -0.035000 1.133011
v 0.448270 -0.035000 1.138889
v 0.444042 -0.035000 1.144042
v 0.438889 -0.035000 1.148270
v 0.433011 -0.035000 1.151412
v 0.426633 -0.035000 1.153347
v 0.420000 -0.035000 1.154000
v 0.413367 -0.035000 1.153347
v 0.406989 -0.035000 1.151412
v 0.401111 -0.035000 1.148270
v 0.395958 -0.035000 1.144042
v 0.391730 -0.035000 1.138889
v 0.388588 -0.035000 1.133011
v 0.386653 -0.035000 1.126633
v 0.386000 -0.035000 1.120000
v 0.386653 -0.035000 1.113367
v 0.388588 -0.035000 1.106989
v 0.391730 -0.035000 1.101111
v 0.395958 -0.035000 1.095958
v 0.401111 -0.035000 1.091730
v 0.406989 -0.035000 1.088588
v 0.413367 -0.035000 1.086653
v 0.420000 -0.035000 1.086000
v 0.426633 -0.035000 1.086653
v 0.433011 -0.035000 1.088588
v 0.438889 -0.035000 1.091730
v 0.444042 -0.035000 1.095958
v 0.448270 -0.035000 1.101111
v 0.451412 -0.035000 1.106989
v 0.453347 -0.035000 1.113367
v 0.454000 -0.105000 1.120000
v 0.453347 -0.105000 1.126633
v 0.451412 -0.105000 1.133011
v 0.448270 -0.105000 1.138889
v 0.444042 -0.105000 1.144042
v 0.438889 -0.105000 1.148270
v 0.433011 -0.105000 1.151412
v 0.426633 -0.105000 1.153347
v 0.420000 -0.105000 1.154000
v 0.413367 -0.105000 1.153347
v 0.406989 -0.105000 1.151412
v 0.401111 -0.105000 1.148270
v 0.395958 -0.105000 1.144042
v 0.391730 -0.105000 1.138889
v 0.388588 -0.105000 1.133011
v 0.386653 -0.105000 1.126633
v 0.386000 -0.105000 1.120000
v 0.386653 -0.105000 1.113367
v 0.388588 -0.105000 1.106989
v 0.391730 -0.105000 1.101111
v 0.395958 -0.105000 1.095958
v 0.401111 -0.105000 1.091730
v 0.406989 -0.105000 1.088588
v 0.413367 -0.105000 1.086653
v 0.420000 -0.105000 1.086000
v 0.426633 -0.105000 1.086653
v 0.433011 -0.105000 1.088588
v 0.438889 -0.105000 1.091730
v 0.444042 -0.105000 1.095958
v 0.448270 -0.105000 1.101111
v 0.451412 -0.105000 1.106989
v 0.453347 -0.105000 1.113367
f 1528 1527 1526 1525 1524 1523 1522 1521 1520 1519 1518 1517 1516 1515 1514 1513 1512 1511 1510 1509 1508 1507 1506 1505 1504 1503 1502 1501 1500 1499 1498 1497
f 1529 1530 1531 1532 1533 1534 1535 1536 1537 1538 1539 1540 1541 1542 1543 1544 1545 1546 1547 1548 1549 1550 1551 1552 1553 1554 1555 1556 1557 1558 1559 1560
f 1497 1498 1530 1529
f 1498 1499 1531 1530
f 1499 1500 1532 1531
f 1500 1501 1533 1532
f 1501 1502 1534 1533
f 1502 1503 1535 1534
f 1503 1504 1536 1535
f 1504 1505 1537 1536
f 1505 1506 1538 1537
f 1506 1507 1539 1538
f 1507 1508 1540 1539
f 1508 1509 1541 1540
f 1509 1510 1542 1541
f 1510 1511 1543 1542
f 1511 1512 1544 1543
f 1512 1513 1545 1544
f 1513 1514 1546 1545
f 1514 1515 1547 1546
f 1515 1516 1548 1547
f 1516 1517 1549 1548
f 1517 1518 1550 1549
f 1518 1519 1551 1550
f 1519 1520 1552 1551
f 1520 1521 1553 1552
f 1521 1522 1554 1553
f 1522 1523 1555 1554
f 1523 1524 1556 1555
f 1524 1525 1557 1556
f 1525 1526 1558 1557
f 1526 1527 1559 1558
f 1527 1528 1560 1559
f 1528 1497 1529 1560
o 69_Proximal_finger
usemtl steel
v 0.394302 0.070000 1.253953
v 0.394796 0.075072 1.253878
v 0.396258 0.079950 1.253653
v 0.398633 0.084445 1.253287
v 0.401829 0.088385 1.252796
v 0.405723 0.091618 1.252196
v 0.410166 0.094021 1.251513
v 0.414987 0.095500 1.250771
v 0.420000 0.096000 1.250000
v 0.425013 0.095500 1.249229
v 0.429834 0.094021 1.248487
v 0.434277 0.091618 1.247804
v 0.438171 0.088385 1.247204
v 0.441367 0.084445 1.246713
v 0.443742 0.079950 1.246347
v 0.445204 0.075072 1.246122
v 0.445698 0.070000 1.246047
v 0.445204 0.064928 1.246122
v 0.443742 0.060050 1.246347
v 0.441367 0.055555 1.246713
v 0.438171 0.051615 1.247204
v 0.434277 0.048382 1.247804
v 0.429834 0.045979 1.248487
v 0.425013 0.044500 1.249229
v 0.420000 0.044000 1.250000
v 0.414987 0.044500 1.250771
v 0.410166 0.045979 1.251513
v 0.405723 0.048382 1.252196
v 0.401829 0.051615 1.252796
v 0.398633 0.055555 1.253287
v 0.396258 0.060050 1.253653
v 0.394796 0.064928 1.253878
v 0.374302 0.070000 1.123953
v 0.374796 0.075072 1.123878
v 0.376258 0.079950 1.123653
v 0.378633 0.084445 1.123287
v 0.381829 0.088385 1.122796
v 0.385723 0.091618 1.122196
v 0.390166 0.094021 1.121513
v 0.394987 0.095500 1.120771
v 0.400000 0.096000 1.120000
v 0.405013 0.095500 1.119229
v 0.409834 0.094021 1.118487
v 0.414277 0.091618 1.117804
v 0.418171 0.088385 1.117204
v 0.421367 0.084445 1.116713
v 0.423742 0.079950 1.116347
v 0.425204 0.075072 1.116122
v 0.425698 0.070000 1.116047
v 0.425204 0.064928 1.116122
v 0.423742 0.060050 1.116347
v 0.421367 0.055555 1.116713
v 0.418171 0.051615 1.117204
v 0.414277 0.048382 1.117804
v 0.409834 0.045979 1.118487
v 0.405013 0.044500 1.119229
v 0.400000 0.044000 1.120000
v 0.394987 0.044500 1.120771
v 0.390166 0.045979 1.121513
v 0.385723 0.048382 1.122196
v 0.381829 0.051615 1.122796
v 0.378633 0.055555 1.123287
v 0.376258 0.060050 1.123653
v 0.374796 0.064928 1.123878
f 1592 1591 1590 1589 1588 1587 1586 1585 1584 1583 1582 1581 1580 1579 1578 1577 1576 1575 1574 1573 1572 1571 1570 1569 1568 1567 1566 1565 1564 1563 1562 1561
f 1593 1594 1595 1596 1597 1598 1599 1600 1601 1602 1603 1604 1605 1606 1607 1608 1609 1610 1611 1612 1613 1614 1615 1616 1617 1618 1619 1620 1621 1622 1623 1624
f 1561 1562 1594 1593
f 1562 1563 1595 1594
f 1563 1564 1596 1595
f 1564 1565 1597 1596
f 1565 1566 1598 1597
f 1566 1567 1599 1598
f 1567 1568 1600 1599
f 1568 1569 1601 1600
f 1569 1570 1602 1601
f 1570 1571 1603 1602
f 1571 1572 1604 1603
f 1572 1573 1605 1604
f 1573 1574 1606 1605
f 1574 1575 1607 1606
f 1575 1576 1608 1607
f 1576 1577 1609 1608
f 1577 1578 1610 1609
f 1578 1579 1611 1610
f 1579 1580 1612 1611
f 1580 1581 1613 1612
f 1581 1582 1614 1613
f 1582 1583 1615 1614
f 1583 1584 1616 1615
f 1584 1585 1617 1616
f 1585 1586 1618 1617
f 1586 1587 1619 1618
f 1587 1588 1620 1619
f 1588 1589 1621 1620
f 1589 1590 1622 1621
f 1590 1591 1623 1622
f 1591 1592 1624 1623
f 1592 1561 1593 1624
o 70_Distal_finger
usemtl green
v 0.378083 0.070000 1.113026
v 0.378504 0.074487 1.113160
v 0.379751 0.078802 1.113557
v 0.381776 0.082778 1.114202
v 0.384502 0.086263 1.115069
v 0.387823 0.089124 1.116126
v 0.391613 0.091249 1.117331
v 0.395724 0.092558 1.118640
v 0.400000 0.093000 1.120000
v 0.404276 0.092558 1.121360
v 0.408387 0.091249 1.122669
v 0.412177 0.089124 1.123874
v 0.415498 0.086263 1.124931
v 0.418224 0.082778 1.125798
v 0.420249 0.078802 1.126443
v 0.421496 0.074487 1.126840
v 0.421917 0.070000 1.126974
v 0.421496 0.065513 1.126840
v 0.420249 0.061198 1.126443
v 0.418224 0.057222 1.125798
v 0.415498 0.053737 1.124931
v 0.412177 0.050876 1.123874
v 0.408387 0.048751 1.122669
v 0.404276 0.047442 1.121360
v 0.400000 0.047000 1.120000
v 0.395724 0.047442 1.118640
v 0.391613 0.048751 1.117331
v 0.387823 0.050876 1.116126
v 0.384502 0.053737 1.115069
v 0.381776 0.057222 1.114202
v 0.379751 0.061198 1.113557
v 0.378504 0.065513 1.113160
v 0.413083 0.070000 1.003026
v 0.413504 0.074487 1.003160
v 0.414751 0.078802 1.003557
v 0.416776 0.082778 1.004202
v 0.419502 0.086263 1.005069
v 0.422823 0.089124 1.006126
v 0.426613 0.091249 1.007331
v 0.430724 0.092558 1.008640
v 0.435000 0.093000 1.010000
v 0.439276 0.092558 1.011360
v 0.443387 0.091249 1.012669
v 0.447177 0.089124 1.013874
v 0.450498 0.086263 1.014931
v 0.453224 0.082778 1.015798
v 0.455249 0.078802 1.016443
v 0.456496 0.074487 1.016840
v 0.456917 0.070000 1.016974
v 0.456496 0.065513 1.016840
v 0.455249 0.061198 1.016443
v 0.453224 0.057222 1.015798
v 0.450498 0.053737 1.014931
v 0.447177 0.050876 1.013874
v 0.443387 0.048751 1.012669
v 0.439276 0.047442 1.011360
v 0.435000 0.047000 1.010000
v 0.430724 0.047442 1.008640
v 0.426613 0.048751 1.007331
v 0.422823 0.050876 1.006126
v 0.419502 0.053737 1.005069
v 0.416776 0.057222 1.004202
v 0.414751 0.061198 1.003557
v 0.413504 0.065513 1.003160
f 1656 1655 1654 1653 1652 1651 1650 1649 1648 1647 1646 1645 1644 1643 1642 1641 1640 1639 1638 1637 1636 1635 1634 1633 1632 1631 1630 1629 1628 1627 1626 1625
f 1657 1658 1659 1660 1661 1662 1663 1664 1665 1666 1667 1668 1669 1670 1671 1672 1673 1674 1675 1676 1677 1678 1679 1680 1681 1682 1683 1684 1685 1686 1687 1688
f 1625 1626 1658 1657
f 1626 1627 1659 1658
f 1627 1628 1660 1659
f 1628 1629 1661 1660
f 1629 1630 1662 1661
f 1630 1631 1663 1662
f 1631 1632 1664 1663
f 1632 1633 1665 1664
f 1633 1634 1666 1665
f 1634 1635 1667 1666
f 1635 1636 1668 1667
f 1636 1637 1669 1668
f 1637 1638 1670 1669
f 1638 1639 1671 1670
f 1639 1640 1672 1671
f 1640 1641 1673 1672
f 1641 1642 1674 1673
f 1642 1643 1675 1674
f 1643 1644 1676 1675
f 1644 1645 1677 1676
f 1645 1646 1678 1677
f 1646 1647 1679 1678
f 1647 1648 1680 1679
f 1648 1649 1681 1680
f 1649 1650 1682 1681
f 1650 1651 1683 1682
f 1651 1652 1684 1683
f 1652 1653 1685 1684
f 1653 1654 1686 1685
f 1654 1655 1687 1686
f 1655 1656 1688 1687
f 1656 1625 1657 1688
o 71_Knuckle
usemtl dark
v 0.454000 0.105000 1.120000
v 0.453347 0.105000 1.126633
v 0.451412 0.105000 1.133011
v 0.448270 0.105000 1.138889
v 0.444042 0.105000 1.144042
v 0.438889 0.105000 1.148270
v 0.433011 0.105000 1.151412
v 0.426633 0.105000 1.153347
v 0.420000 0.105000 1.154000
v 0.413367 0.105000 1.153347
v 0.406989 0.105000 1.151412
v 0.401111 0.105000 1.148270
v 0.395958 0.105000 1.144042
v 0.391730 0.105000 1.138889
v 0.388588 0.105000 1.133011
v 0.386653 0.105000 1.126633
v 0.386000 0.105000 1.120000
v 0.386653 0.105000 1.113367
v 0.388588 0.105000 1.106989
v 0.391730 0.105000 1.101111
v 0.395958 0.105000 1.095958
v 0.401111 0.105000 1.091730
v 0.406989 0.105000 1.088588
v 0.413367 0.105000 1.086653
v 0.420000 0.105000 1.086000
v 0.426633 0.105000 1.086653
v 0.433011 0.105000 1.088588
v 0.438889 0.105000 1.091730
v 0.444042 0.105000 1.095958
v 0.448270 0.105000 1.101111
v 0.451412 0.105000 1.106989
v 0.453347 0.105000 1.113367
v 0.454000 0.035000 1.120000
v 0.453347 0.035000 1.126633
v 0.451412 0.035000 1.133011
v 0.448270 0.035000 1.138889
v 0.444042 0.035000 1.144042
v 0.438889 0.035000 1.148270
v 0.433011 0.035000 1.151412
v 0.426633 0.035000 1.153347
v 0.420000 0.035000 1.154000
v 0.413367 0.035000 1.153347
v 0.406989 0.035000 1.151412
v 0.401111 0.035000 1.148270
v 0.395958 0.035000 1.144042
v 0.391730 0.035000 1.138889
v 0.388588 0.035000 1.133011
v 0.386653 0.035000 1.126633
v 0.386000 0.035000 1.120000
v 0.386653 0.035000 1.113367
v 0.388588 0.035000 1.106989
v 0.391730 0.035000 1.101111
v 0.395958 0.035000 1.095958
v 0.401111 0.035000 1.091730
v 0.406989 0.035000 1.088588
v 0.413367 0.035000 1.086653
v 0.420000 0.035000 1.086000
v 0.426633 0.035000 1.086653
v 0.433011 0.035000 1.088588
v 0.438889 0.035000 1.091730
v 0.444042 0.035000 1.095958
v 0.448270 0.035000 1.101111
v 0.451412 0.035000 1.106989
v 0.453347 0.035000 1.113367
f 1720 1719 1718 1717 1716 1715 1714 1713 1712 1711 1710 1709 1708 1707 1706 1705 1704 1703 1702 1701 1700 1699 1698 1697 1696 1695 1694 1693 1692 1691 1690 1689
f 1721 1722 1723 1724 1725 1726 1727 1728 1729 1730 1731 1732 1733 1734 1735 1736 1737 1738 1739 1740 1741 1742 1743 1744 1745 1746 1747 1748 1749 1750 1751 1752
f 1689 1690 1722 1721
f 1690 1691 1723 1722
f 1691 1692 1724 1723
f 1692 1693 1725 1724
f 1693 1694 1726 1725
f 1694 1695 1727 1726
f 1695 1696 1728 1727
f 1696 1697 1729 1728
f 1697 1698 1730 1729
f 1698 1699 1731 1730
f 1699 1700 1732 1731
f 1700 1701 1733 1732
f 1701 1702 1734 1733
f 1702 1703 1735 1734
f 1703 1704 1736 1735
f 1704 1705 1737 1736
f 1705 1706 1738 1737
f 1706 1707 1739 1738
f 1707 1708 1740 1739
f 1708 1709 1741 1740
f 1709 1710 1742 1741
f 1710 1711 1743 1742
f 1711 1712 1744 1743
f 1712 1713 1745 1744
f 1713 1714 1746 1745
f 1714 1715 1747 1746
f 1715 1716 1748 1747
f 1716 1717 1749 1748
f 1717 1718 1750 1749
f 1718 1719 1751 1750
f 1719 1720 1752 1751
f 1720 1689 1721 1752
o 72_Servo
usemtl dark
v 0.640000 -0.075000 1.240000
v 0.720000 -0.075000 1.240000
v 0.720000 0.075000 1.240000
v 0.640000 0.075000 1.240000
v 0.640000 -0.075000 1.360000
v 0.720000 -0.075000 1.360000
v 0.720000 0.075000 1.360000
v 0.640000 0.075000 1.360000
f 1756 1755 1754 1753
f 1757 1758 1759 1760
f 1753 1754 1758 1757
f 1754 1755 1759 1758
f 1755 1756 1760 1759
f 1756 1753 1757 1760
o 73_Proximal_finger
usemtl steel
v 0.654302 -0.070000 1.246047
v 0.654796 -0.064928 1.246122
v 0.656258 -0.060050 1.246347
v 0.658633 -0.055555 1.246713
v 0.661829 -0.051615 1.247204
v 0.665723 -0.048382 1.247804
v 0.670166 -0.045979 1.248487
v 0.674987 -0.044500 1.249229
v 0.680000 -0.044000 1.250000
v 0.685013 -0.044500 1.250771
v 0.689834 -0.045979 1.251513
v 0.694277 -0.048382 1.252196
v 0.698171 -0.051615 1.252796
v 0.701367 -0.055555 1.253287
v 0.703742 -0.060050 1.253653
v 0.705204 -0.064928 1.253878
v 0.705698 -0.070000 1.253953
v 0.705204 -0.075072 1.253878
v 0.703742 -0.079950 1.253653
v 0.701367 -0.084445 1.253287
v 0.698171 -0.088385 1.252796
v 0.694277 -0.091618 1.252196
v 0.689834 -0.094021 1.251513
v 0.685013 -0.095500 1.250771
v 0.680000 -0.096000 1.250000
v 0.674987 -0.095500 1.249229
v 0.670166 -0.094021 1.248487
v 0.665723 -0.091618 1.247804
v 0.661829 -0.088385 1.247204
v 0.658633 -0.084445 1.246713
v 0.656258 -0.079950 1.246347
v 0.654796 -0.075072 1.246122
v 0.674302 -0.070000 1.116047
v 0.674796 -0.064928 1.116122
v 0.676258 -0.060050 1.116347
v 0.678633 -0.055555 1.116713
v 0.681829 -0.051615 1.117204
v 0.685723 -0.048382 1.117804
v 0.690166 -0.045979 1.118487
v 0.694987 -0.044500 1.119229
v 0.700000 -0.044000 1.120000
v 0.705013 -0.044500 1.120771
v 0.709834 -0.045979 1.121513
v 0.714277 -0.048382 1.122196
v 0.718171 -0.051615 1.122796
v 0.721367 -0.055555 1.123287
v 0.723742 -0.060050 1.123653
v 0.725204 -0.064928 1.123878
v 0.725698 -0.070000 1.123953
v 0.725204 -0.075072 1.123878
v 0.723742 -0.079950 1.123653
v 0.721367 -0.084445 1.123287
v 0.718171 -0.088385 1.122796
v 0.714277 -0.091618 1.122196
v 0.709834 -0.094021 1.121513
v 0.705013 -0.095500 1.120771
v 0.700000 -0.096000 1.120000
v 0.694987 -0.095500 1.119229
v 0.690166 -0.094021 1.118487
v 0.685723 -0.091618 1.117804
v 0.681829 -0.088385 1.117204
v 0.678633 -0.084445 1.116713
v 0.676258 -0.079950 1.116347
v 0.674796 -0.075072 1.116122
f 1792 1791 1790 1789 1788 1787 1786 1785 1784 1783 1782 1781 1780 1779 1778 1777 1776 1775 1774 1773 1772 1771 1770 1769 1768 1767 1766 1765 1764 1763 1762 1761
f 1793 1794 1795 1796 1797 1798 1799 1800 1801 1802 1803 1804 1805 1806 1807 1808 1809 1810 1811 1812 1813 1814 1815 1816 1817 1818 1819 1820 1821 1822 1823 1824
f 1761 1762 1794 1793
f 1762 1763 1795 1794
f 1763 1764 1796 1795
f 1764 1765 1797 1796
f 1765 1766 1798 1797
f 1766 1767 1799 1798
f 1767 1768 1800 1799
f 1768 1769 1801 1800
f 1769 1770 1802 1801
f 1770 1771 1803 1802
f 1771 1772 1804 1803
f 1772 1773 1805 1804
f 1773 1774 1806 1805
f 1774 1775 1807 1806
f 1775 1776 1808 1807
f 1776 1777 1809 1808
f 1777 1778 1810 1809
f 1778 1779 1811 1810
f 1779 1780 1812 1811
f 1780 1781 1813 1812
f 1781 1782 1814 1813
f 1782 1783 1815 1814
f 1783 1784 1816 1815
f 1784 1785 1817 1816
f 1785 1786 1818 1817
f 1786 1787 1819 1818
f 1787 1788 1820 1819
f 1788 1789 1821 1820
f 1789 1790 1822 1821
f 1790 1791 1823 1822
f 1791 1792 1824 1823
f 1792 1761 1793 1824
o 74_Distal_finger
usemtl green
v 0.678083 -0.070000 1.126974
v 0.678504 -0.065513 1.126840
v 0.679751 -0.061198 1.126443
v 0.681776 -0.057222 1.125798
v 0.684502 -0.053737 1.124931
v 0.687823 -0.050876 1.123874
v 0.691613 -0.048751 1.122669
v 0.695724 -0.047442 1.121360
v 0.700000 -0.047000 1.120000
v 0.704276 -0.047442 1.118640
v 0.708387 -0.048751 1.117331
v 0.712177 -0.050876 1.116126
v 0.715498 -0.053737 1.115069
v 0.718224 -0.057222 1.114202
v 0.720249 -0.061198 1.113557
v 0.721496 -0.065513 1.113160
v 0.721917 -0.070000 1.113026
v 0.721496 -0.074487 1.113160
v 0.720249 -0.078802 1.113557
v 0.718224 -0.082778 1.114202
v 0.715498 -0.086263 1.115069
v 0.712177 -0.089124 1.116126
v 0.708387 -0.091249 1.117331
v 0.704276 -0.092558 1.118640
v 0.700000 -0.093000 1.120000
v 0.695724 -0.092558 1.121360
v 0.691613 -0.091249 1.122669
v 0.687823 -0.089124 1.123874
v 0.684502 -0.086263 1.124931
v 0.681776 -0.082778 1.125798
v 0.679751 -0.078802 1.126443
v 0.678504 -0.074487 1.126840
v 0.643083 -0.070000 1.016974
v 0.643504 -0.065513 1.016840
v 0.644751 -0.061198 1.016443
v 0.646776 -0.057222 1.015798
v 0.649502 -0.053737 1.014931
v 0.652823 -0.050876 1.013874
v 0.656613 -0.048751 1.012669
v 0.660724 -0.047442 1.011360
v 0.665000 -0.047000 1.010000
v 0.669276 -0.047442 1.008640
v 0.673387 -0.048751 1.007331
v 0.677177 -0.050876 1.006126
v 0.680498 -0.053737 1.005069
v 0.683224 -0.057222 1.004202
v 0.685249 -0.061198 1.003557
v 0.686496 -0.065513 1.003160
v 0.686917 -0.070000 1.003026
v 0.686496 -0.074487 1.003160
v 0.685249 -0.078802 1.003557
v 0.683224 -0.082778 1.004202
v 0.680498 -0.086263 1.005069
v 0.677177 -0.089124 1.006126
v 0.673387 -0.091249 1.007331
v 0.669276 -0.092558 1.008640
v 0.665000 -0.093000 1.010000
v 0.660724 -0.092558 1.011360
v 0.656613 -0.091249 1.012669
v 0.652823 -0.089124 1.013874
v 0.649502 -0.086263 1.014931
v 0.646776 -0.082778 1.015798
v 0.644751 -0.078802 1.016443
v 0.643504 -0.074487 1.016840
f 1856 1855 1854 1853 1852 1851 1850 1849 1848 1847 1846 1845 1844 1843 1842 1841 1840 1839 1838 1837 1836 1835 1834 1833 1832 1831 1830 1829 1828 1827 1826 1825
f 1857 1858 1859 1860 1861 1862 1863 1864 1865 1866 1867 1868 1869 1870 1871 1872 1873 1874 1875 1876 1877 1878 1879 1880 1881 1882 1883 1884 1885 1886 1887 1888
f 1825 1826 1858 1857
f 1826 1827 1859 1858
f 1827 1828 1860 1859
f 1828 1829 1861 1860
f 1829 1830 1862 1861
f 1830 1831 1863 1862
f 1831 1832 1864 1863
f 1832 1833 1865 1864
f 1833 1834 1866 1865
f 1834 1835 1867 1866
f 1835 1836 1868 1867
f 1836 1837 1869 1868
f 1837 1838 1870 1869
f 1838 1839 1871 1870
f 1839 1840 1872 1871
f 1840 1841 1873 1872
f 1841 1842 1874 1873
f 1842 1843 1875 1874
f 1843 1844 1876 1875
f 1844 1845 1877 1876
f 1845 1846 1878 1877
f 1846 1847 1879 1878
f 1847 1848 1880 1879
f 1848 1849 1881 1880
f 1849 1850 1882 1881
f 1850 1851 1883 1882
f 1851 1852 1884 1883
f 1852 1853 1885 1884
f 1853 1854 1886 1885
f 1854 1855 1887 1886
f 1855 1856 1888 1887
f 1856 1825 1857 1888
o 75_Knuckle
usemtl dark
v 0.714000 -0.035000 1.120000
v 0.713347 -0.035000 1.126633
v 0.711412 -0.035000 1.133011
v 0.708270 -0.035000 1.138889
v 0.704042 -0.035000 1.144042
v 0.698889 -0.035000 1.148270
v 0.693011 -0.035000 1.151412
v 0.686633 -0.035000 1.153347
v 0.680000 -0.035000 1.154000
v 0.673367 -0.035000 1.153347
v 0.666989 -0.035000 1.151412
v 0.661111 -0.035000 1.148270
v 0.655958 -0.035000 1.144042
v 0.651730 -0.035000 1.138889
v 0.648588 -0.035000 1.133011
v 0.646653 -0.035000 1.126633
v 0.646000 -0.035000 1.120000
v 0.646653 -0.035000 1.113367
v 0.648588 -0.035000 1.106989
v 0.651730 -0.035000 1.101111
v 0.655958 -0.035000 1.095958
v 0.661111 -0.035000 1.091730
v 0.666989 -0.035000 1.088588
v 0.673367 -0.035000 1.086653
v 0.680000 -0.035000 1.086000
v 0.686633 -0.035000 1.086653
v 0.693011 -0.035000 1.088588
v 0.698889 -0.035000 1.091730
v 0.704042 -0.035000 1.095958
v 0.708270 -0.035000 1.101111
v 0.711412 -0.035000 1.106989
v 0.713347 -0.035000 1.113367
v 0.714000 -0.105000 1.120000
v 0.713347 -0.105000 1.126633
v 0.711412 -0.105000 1.133011
v 0.708270 -0.105000 1.138889
v 0.704042 -0.105000 1.144042
v 0.698889 -0.105000 1.148270
v 0.693011 -0.105000 1.151412
v 0.686633 -0.105000 1.153347
v 0.680000 -0.105000 1.154000
v 0.673367 -0.105000 1.153347
v 0.666989 -0.105000 1.151412
v 0.661111 -0.105000 1.148270
v 0.655958 -0.105000 1.144042
v 0.651730 -0.105000 1.138889
v 0.648588 -0.105000 1.133011
v 0.646653 -0.105000 1.126633
v 0.646000 -0.105000 1.120000
v 0.646653 -0.105000 1.113367
v 0.648588 -0.105000 1.106989
v 0.651730 -0.105000 1.101111
v 0.655958 -0.105000 1.095958
v 0.661111 -0.105000 1.091730
v 0.666989 -0.105000 1.088588
v 0.673367 -0.105000 1.086653
v 0.680000 -0.105000 1.086000
v 0.686633 -0.105000 1.086653
v 0.693011 -0.105000 1.088588
v 0.698889 -0.105000 1.091730
v 0.704042 -0.105000 1.095958
v 0.708270 -0.105000 1.101111
v 0.711412 -0.105000 1.106989
v 0.713347 -0.105000 1.113367
f 1920 1919 1918 1917 1916 1915 1914 1913 1912 1911 1910 1909 1908 1907 1906 1905 1904 1903 1902 1901 1900 1899 1898 1897 1896 1895 1894 1893 1892 1891 1890 1889
f 1921 1922 1923 1924 1925 1926 1927 1928 1929 1930 1931 1932 1933 1934 1935 1936 1937 1938 1939 1940 1941 1942 1943 1944 1945 1946 1947 1948 1949 1950 1951 1952
f 1889 1890 1922 1921
f 1890 1891 1923 1922
f 1891 1892 1924 1923
f 1892 1893 1925 1924
f 1893 1894 1926 1925
f 1894 1895 1927 1926
f 1895 1896 1928 1927
f 1896 1897 1929 1928
f 1897 1898 1930 1929
f 1898 1899 1931 1930
f 1899 1900 1932 1931
f 1900 1901 1933 1932
f 1901 1902 1934 1933
f 1902 1903 1935 1934
f 1903 1904 1936 1935
f 1904 1905 1937 1936
f 1905 1906 1938 1937
f 1906 1907 1939 1938
f 1907 1908 1940 1939
f 1908 1909 1941 1940
f 1909 1910 1942 1941
f 1910 1911 1943 1942
f 1911 1912 1944 1943
f 1912 1913 1945 1944
f 1913 1914 1946 1945
f 1914 1915 1947 1946
f 1915 1916 1948 1947
f 1916 1917 1949 1948
f 1917 1918 1950 1949
f 1918 1919 1951 1950
f 1919 1920 1952 1951
f 1920 1889 1921 1952
o 76_Proximal_finger
usemtl steel
v 0.654302 0.070000 1.246047
v 0.654796 0.075072 1.246122
v 0.656258 0.079950 1.246347
v 0.658633 0.084445 1.246713
v 0.661829 0.088385 1.247204
v 0.665723 0.091618 1.247804
v 0.670166 0.094021 1.248487
v 0.674987 0.095500 1.249229
v 0.680000 0.096000 1.250000
v 0.685013 0.095500 1.250771
v 0.689834 0.094021 1.251513
v 0.694277 0.091618 1.252196
v 0.698171 0.088385 1.252796
v 0.701367 0.084445 1.253287
v 0.703742 0.079950 1.253653
v 0.705204 0.075072 1.253878
v 0.705698 0.070000 1.253953
v 0.705204 0.064928 1.253878
v 0.703742 0.060050 1.253653
v 0.701367 0.055555 1.253287
v 0.698171 0.051615 1.252796
v 0.694277 0.048382 1.252196
v 0.689834 0.045979 1.251513
v 0.685013 0.044500 1.250771
v 0.680000 0.044000 1.250000
v 0.674987 0.044500 1.249229
v 0.670166 0.045979 1.248487
v 0.665723 0.048382 1.247804
v 0.661829 0.051615 1.247204
v 0.658633 0.055555 1.246713
v 0.656258 0.060050 1.246347
v 0.654796 0.064928 1.246122
v 0.674302 0.070000 1.116047
v 0.674796 0.075072 1.116122
v 0.676258 0.079950 1.116347
v 0.678633 0.084445 1.116713
v 0.681829 0.088385 1.117204
v 0.685723 0.091618 1.117804
v 0.690166 0.094021 1.118487
v 0.694987 0.095500 1.119229
v 0.700000 0.096000 1.120000
v 0.705013 0.095500 1.120771
v 0.709834 0.094021 1.121513
v 0.714277 0.091618 1.122196
v 0.718171 0.088385 1.122796
v 0.721367 0.084445 1.123287
v 0.723742 0.079950 1.123653
v 0.725204 0.075072 1.123878
v 0.725698 0.070000 1.123953
v 0.725204 0.064928 1.123878
v 0.723742 0.060050 1.123653
v 0.721367 0.055555 1.123287
v 0.718171 0.051615 1.122796
v 0.714277 0.048382 1.122196
v 0.709834 0.045979 1.121513
v 0.705013 0.044500 1.120771
v 0.700000 0.044000 1.120000
v 0.694987 0.044500 1.119229
v 0.690166 0.045979 1.118487
v 0.685723 0.048382 1.117804
v 0.681829 0.051615 1.117204
v 0.678633 0.055555 1.116713
v 0.676258 0.060050 1.116347
v 0.674796 0.064928 1.116122
f 1984 1983 1982 1981 1980 1979 1978 1977 1976 1975 1974 1973 1972 1971 1970 1969 1968 1967 1966 1965 1964 1963 1962 1961 1960 1959 1958 1957 1956 1955 1954 1953
f 1985 1986 1987 1988 1989 1990 1991 1992 1993 1994 1995 1996 1997 1998 1999 2000 2001 2002 2003 2004 2005 2006 2007 2008 2009 2010 2011 2012 2013 2014 2015 2016
f 1953 1954 1986 1985
f 1954 1955 1987 1986
f 1955 1956 1988 1987
f 1956 1957 1989 1988
f 1957 1958 1990 1989
f 1958 1959 1991 1990
f 1959 1960 1992 1991
f 1960 1961 1993 1992
f 1961 1962 1994 1993
f 1962 1963 1995 1994
f 1963 1964 1996 1995
f 1964 1965 1997 1996
f 1965 1966 1998 1997
f 1966 1967 1999 1998
f 1967 1968 2000 1999
f 1968 1969 2001 2000
f 1969 1970 2002 2001
f 1970 1971 2003 2002
f 1971 1972 2004 2003
f 1972 1973 2005 2004
f 1973 1974 2006 2005
f 1974 1975 2007 2006
f 1975 1976 2008 2007
f 1976 1977 2009 2008
f 1977 1978 2010 2009
f 1978 1979 2011 2010
f 1979 1980 2012 2011
f 1980 1981 2013 2012
f 1981 1982 2014 2013
f 1982 1983 2015 2014
f 1983 1984 2016 2015
f 1984 1953 1985 2016
o 77_Distal_finger
usemtl green
v 0.678083 0.070000 1.126974
v 0.678504 0.074487 1.126840
v 0.679751 0.078802 1.126443
v 0.681776 0.082778 1.125798
v 0.684502 0.086263 1.124931
v 0.687823 0.089124 1.123874
v 0.691613 0.091249 1.122669
v 0.695724 0.092558 1.121360
v 0.700000 0.093000 1.120000
v 0.704276 0.092558 1.118640
v 0.708387 0.091249 1.117331
v 0.712177 0.089124 1.116126
v 0.715498 0.086263 1.115069
v 0.718224 0.082778 1.114202
v 0.720249 0.078802 1.113557
v 0.721496 0.074487 1.113160
v 0.721917 0.070000 1.113026
v 0.721496 0.065513 1.113160
v 0.720249 0.061198 1.113557
v 0.718224 0.057222 1.114202
v 0.715498 0.053737 1.115069
v 0.712177 0.050876 1.116126
v 0.708387 0.048751 1.117331
v 0.704276 0.047442 1.118640
v 0.700000 0.047000 1.120000
v 0.695724 0.047442 1.121360
v 0.691613 0.048751 1.122669
v 0.687823 0.050876 1.123874
v 0.684502 0.053737 1.124931
v 0.681776 0.057222 1.125798
v 0.679751 0.061198 1.126443
v 0.678504 0.065513 1.126840
v 0.643083 0.070000 1.016974
v 0.643504 0.074487 1.016840
v 0.644751 0.078802 1.016443
v 0.646776 0.082778 1.015798
v 0.649502 0.086263 1.014931
v 0.652823 0.089124 1.013874
v 0.656613 0.091249 1.012669
v 0.660724 0.092558 1.011360
v 0.665000 0.093000 1.010000
v 0.669276 0.092558 1.008640
v 0.673387 0.091249 1.007331
v 0.677177 0.089124 1.006126
v 0.680498 0.086263 1.005069
v 0.683224 0.082778 1.004202
v 0.685249 0.078802 1.003557
v 0.686496 0.074487 1.003160
v 0.686917 0.070000 1.003026
v 0.686496 0.065513 1.003160
v 0.685249 0.061198 1.003557
v 0.683224 0.057222 1.004202
v 0.680498 0.053737 1.005069
v 0.677177 0.050876 1.006126
v 0.673387 0.048751 1.007331
v 0.669276 0.047442 1.008640
v 0.665000 0.047000 1.010000
v 0.660724 0.047442 1.011360
v 0.656613 0.048751 1.012669
v 0.652823 0.050876 1.013874
v 0.649502 0.053737 1.014931
v 0.646776 0.057222 1.015798
v 0.644751 0.061198 1.016443
v 0.643504 0.065513 1.016840
f 2048 2047 2046 2045 2044 2043 2042 2041 2040 2039 2038 2037 2036 2035 2034 2033 2032 2031 2030 2029 2028 2027 2026 2025 2024 2023 2022 2021 2020 2019 2018 2017
f 2049 2050 2051 2052 2053 2054 2055 2056 2057 2058 2059 2060 2061 2062 2063 2064 2065 2066 2067 2068 2069 2070 2071 2072 2073 2074 2075 2076 2077 2078 2079 2080
f 2017 2018 2050 2049
f 2018 2019 2051 2050
f 2019 2020 2052 2051
f 2020 2021 2053 2052
f 2021 2022 2054 2053
f 2022 2023 2055 2054
f 2023 2024 2056 2055
f 2024 2025 2057 2056
f 2025 2026 2058 2057
f 2026 2027 2059 2058
f 2027 2028 2060 2059
f 2028 2029 2061 2060
f 2029 2030 2062 2061
f 2030 2031 2063 2062
f 2031 2032 2064 2063
f 2032 2033 2065 2064
f 2033 2034 2066 2065
f 2034 2035 2067 2066
f 2035 2036 2068 2067
f 2036 2037 2069 2068
f 2037 2038 2070 2069
f 2038 2039 2071 2070
f 2039 2040 2072 2071
f 2040 2041 2073 2072
f 2041 2042 2074 2073
f 2042 2043 2075 2074
f 2043 2044 2076 2075
f 2044 2045 2077 2076
f 2045 2046 2078 2077
f 2046 2047 2079 2078
f 2047 2048 2080 2079
f 2048 2017 2049 2080
o 78_Knuckle
usemtl dark
v 0.714000 0.105000 1.120000
v 0.713347 0.105000 1.126633
v 0.711412 0.105000 1.133011
v 0.708270 0.105000 1.138889
v 0.704042 0.105000 1.144042
v 0.698889 0.105000 1.148270
v 0.693011 0.105000 1.151412
v 0.686633 0.105000 1.153347
v 0.680000 0.105000 1.154000
v 0.673367 0.105000 1.153347
v 0.666989 0.105000 1.151412
v 0.661111 0.105000 1.148270
v 0.655958 0.105000 1.144042
v 0.651730 0.105000 1.138889
v 0.648588 0.105000 1.133011
v 0.646653 0.105000 1.126633
v 0.646000 0.105000 1.120000
v 0.646653 0.105000 1.113367
v 0.648588 0.105000 1.106989
v 0.651730 0.105000 1.101111
v 0.655958 0.105000 1.095958
v 0.661111 0.105000 1.091730
v 0.666989 0.105000 1.088588
v 0.673367 0.105000 1.086653
v 0.680000 0.105000 1.086000
v 0.686633 0.105000 1.086653
v 0.693011 0.105000 1.088588
v 0.698889 0.105000 1.091730
v 0.704042 0.105000 1.095958
v 0.708270 0.105000 1.101111
v 0.711412 0.105000 1.106989
v 0.713347 0.105000 1.113367
v 0.714000 0.035000 1.120000
v 0.713347 0.035000 1.126633
v 0.711412 0.035000 1.133011
v 0.708270 0.035000 1.138889
v 0.704042 0.035000 1.144042
v 0.698889 0.035000 1.148270
v 0.693011 0.035000 1.151412
v 0.686633 0.035000 1.153347
v 0.680000 0.035000 1.154000
v 0.673367 0.035000 1.153347
v 0.666989 0.035000 1.151412
v 0.661111 0.035000 1.148270
v 0.655958 0.035000 1.144042
v 0.651730 0.035000 1.138889
v 0.648588 0.035000 1.133011
v 0.646653 0.035000 1.126633
v 0.646000 0.035000 1.120000
v 0.646653 0.035000 1.113367
v 0.648588 0.035000 1.106989
v 0.651730 0.035000 1.101111
v 0.655958 0.035000 1.095958
v 0.661111 0.035000 1.091730
v 0.666989 0.035000 1.088588
v 0.673367 0.035000 1.086653
v 0.680000 0.035000 1.086000
v 0.686633 0.035000 1.086653
v 0.693011 0.035000 1.088588
v 0.698889 0.035000 1.091730
v 0.704042 0.035000 1.095958
v 0.708270 0.035000 1.101111
v 0.711412 0.035000 1.106989
v 0.713347 0.035000 1.113367
f 2112 2111 2110 2109 2108 2107 2106 2105 2104 2103 2102 2101 2100 2099 2098 2097 2096 2095 2094 2093 2092 2091 2090 2089 2088 2087 2086 2085 2084 2083 2082 2081
f 2113 2114 2115 2116 2117 2118 2119 2120 2121 2122 2123 2124 2125 2126 2127 2128 2129 2130 2131 2132 2133 2134 2135 2136 2137 2138 2139 2140 2141 2142 2143 2144
f 2081 2082 2114 2113
f 2082 2083 2115 2114
f 2083 2084 2116 2115
f 2084 2085 2117 2116
f 2085 2086 2118 2117
f 2086 2087 2119 2118
f 2087 2088 2120 2119
f 2088 2089 2121 2120
f 2089 2090 2122 2121
f 2090 2091 2123 2122
f 2091 2092 2124 2123
f 2092 2093 2125 2124
f 2093 2094 2126 2125
f 2094 2095 2127 2126
f 2095 2096 2128 2127
f 2096 2097 2129 2128
f 2097 2098 2130 2129
f 2098 2099 2131 2130
f 2099 2100 2132 2131
f 2100 2101 2133 2132
f 2101 2102 2134 2133
f 2102 2103 2135 2134
f 2103 2104 2136 2135
f 2104 2105 2137 2136
f 2105 2106 2138 2137
f 2106 2107 2139 2138
f 2107 2108 2140 2139
f 2108 2109 2141 2140
f 2109 2110 2142 2141
f 2110 2111 2143 2142
f 2111 2112 2144 2143
f 2112 2081 2113 2144
o 79_FSR_rubber_pad
usemtl dark
v 0.430000 -0.095000 1.020000
v 0.446000 -0.095000 1.020000
v 0.446000 -0.045000 1.020000
v 0.430000 -0.045000 1.020000
v 0.430000 -0.095000 1.090000
v 0.446000 -0.095000 1.090000
v 0.446000 -0.045000 1.090000
v 0.430000 -0.045000 1.090000
f 2148 2147 2146 2145
f 2149 2150 2151 2152
f 2145 2146 2150 2149
f 2146 2147 2151 2150
f 2147 2148 2152 2151
f 2148 2145 2149 2152
o 80_FSR_rubber_pad
usemtl dark
v 0.430000 0.045000 1.020000
v 0.446000 0.045000 1.020000
v 0.446000 0.095000 1.020000
v 0.430000 0.095000 1.020000
v 0.430000 0.045000 1.090000
v 0.446000 0.045000 1.090000
v 0.446000 0.095000 1.090000
v 0.430000 0.095000 1.090000
f 2156 2155 2154 2153
f 2157 2158 2159 2160
f 2153 2154 2158 2157
f 2154 2155 2159 2158
f 2155 2156 2160 2159
f 2156 2153 2157 2160
o 81_FSR_rubber_pad
usemtl dark
v 0.654000 -0.095000 1.020000
v 0.670000 -0.095000 1.020000
v 0.670000 -0.045000 1.020000
v 0.654000 -0.045000 1.020000
v 0.654000 -0.095000 1.090000
v 0.670000 -0.095000 1.090000
v 0.670000 -0.045000 1.090000
v 0.654000 -0.045000 1.090000
f 2164 2163 2162 2161
f 2165 2166 2167 2168
f 2161 2162 2166 2165
f 2162 2163 2167 2166
f 2163 2164 2168 2167
f 2164 2161 2165 2168
o 82_FSR_rubber_pad
usemtl dark
v 0.654000 0.045000 1.020000
v 0.670000 0.045000 1.020000
v 0.670000 0.095000 1.020000
v 0.654000 0.095000 1.020000
v 0.654000 0.045000 1.090000
v 0.670000 0.045000 1.090000
v 0.670000 0.095000 1.090000
v 0.654000 0.095000 1.090000
f 2172 2171 2170 2169
f 2173 2174 2175 2176
f 2169 2170 2174 2173
f 2170 2171 2175 2174
f 2171 2172 2176 2175
f 2172 2169 2173 2176
o 83_Magnet_post
usemtl steel
v 1.390000 -0.640000 0.740000
v 1.470000 -0.640000 0.740000
v 1.470000 -0.560000 0.740000
v 1.390000 -0.560000 0.740000
v 1.390000 -0.640000 1.740000
v 1.470000 -0.640000 1.740000
v 1.470000 -0.560000 1.740000
v 1.390000 -0.560000 1.740000
f 2180 2179 2178 2177
f 2181 2182 2183 2184
f 2177 2178 2182 2181
f 2178 2179 2183 2182
f 2179 2180 2184 2183
f 2180 2177 2181 2184
o 84_Magnet_post
usemtl steel
v 1.390000 0.560000 0.740000
v 1.470000 0.560000 0.740000
v 1.470000 0.640000 0.740000
v 1.390000 0.640000 0.740000
v 1.390000 0.560000 1.740000
v 1.470000 0.560000 1.740000
v 1.470000 0.640000 1.740000
v 1.390000 0.640000 1.740000
f 2188 2187 2186 2185
f 2189 2190 2191 2192
f 2185 2186 2190 2189
f 2186 2187 2191 2190
f 2187 2188 2192 2191
f 2188 2185 2189 2192
o 85_Magnet_bridge
usemtl steel
v 1.370000 -0.700000 1.700000
v 1.490000 -0.700000 1.700000
v 1.490000 0.700000 1.700000
v 1.370000 0.700000 1.700000
v 1.370000 -0.700000 1.780000
v 1.490000 -0.700000 1.780000
v 1.490000 0.700000 1.780000
v 1.370000 0.700000 1.780000
f 2196 2195 2194 2193
f 2197 2198 2199 2200
f 2193 2194 2198 2197
f 2194 2195 2199 2198
f 2195 2196 2200 2199
f 2196 2193 2197 2200
o 86_Electromagnet
usemtl yellow
v 1.650000 0.000000 1.200000
v 1.645773 0.042920 1.200000
v 1.633253 0.084190 1.200000
v 1.612923 0.122225 1.200000
v 1.585563 0.155563 1.200000
v 1.552225 0.182923 1.200000
v 1.514190 0.203253 1.200000
v 1.472920 0.215773 1.200000
v 1.430000 0.220000 1.200000
v 1.387080 0.215773 1.200000
v 1.345810 0.203253 1.200000
v 1.307775 0.182923 1.200000
v 1.274437 0.155563 1.200000
v 1.247077 0.122225 1.200000
v 1.226747 0.084190 1.200000
v 1.214227 0.042920 1.200000
v 1.210000 0.000000 1.200000
v 1.214227 -0.042920 1.200000
v 1.226747 -0.084190 1.200000
v 1.247077 -0.122225 1.200000
v 1.274437 -0.155563 1.200000
v 1.307775 -0.182923 1.200000
v 1.345810 -0.203253 1.200000
v 1.387080 -0.215773 1.200000
v 1.430000 -0.220000 1.200000
v 1.472920 -0.215773 1.200000
v 1.514190 -0.203253 1.200000
v 1.552225 -0.182923 1.200000
v 1.585563 -0.155563 1.200000
v 1.612923 -0.122225 1.200000
v 1.633253 -0.084190 1.200000
v 1.645773 -0.042920 1.200000
v 1.650000 0.000000 1.440000
v 1.645773 0.042920 1.440000
v 1.633253 0.084190 1.440000
v 1.612923 0.122225 1.440000
v 1.585563 0.155563 1.440000
v 1.552225 0.182923 1.440000
v 1.514190 0.203253 1.440000
v 1.472920 0.215773 1.440000
v 1.430000 0.220000 1.440000
v 1.387080 0.215773 1.440000
v 1.345810 0.203253 1.440000
v 1.307775 0.182923 1.440000
v 1.274437 0.155563 1.440000
v 1.247077 0.122225 1.440000
v 1.226747 0.084190 1.440000
v 1.214227 0.042920 1.440000
v 1.210000 0.000000 1.440000
v 1.214227 -0.042920 1.440000
v 1.226747 -0.084190 1.440000
v 1.247077 -0.122225 1.440000
v 1.274437 -0.155563 1.440000
v 1.307775 -0.182923 1.440000
v 1.345810 -0.203253 1.440000
v 1.387080 -0.215773 1.440000
v 1.430000 -0.220000 1.440000
v 1.472920 -0.215773 1.440000
v 1.514190 -0.203253 1.440000
v 1.552225 -0.182923 1.440000
v 1.585563 -0.155563 1.440000
v 1.612923 -0.122225 1.440000
v 1.633253 -0.084190 1.440000
v 1.645773 -0.042920 1.440000
f 2232 2231 2230 2229 2228 2227 2226 2225 2224 2223 2222 2221 2220 2219 2218 2217 2216 2215 2214 2213 2212 2211 2210 2209 2208 2207 2206 2205 2204 2203 2202 2201
f 2233 2234 2235 2236 2237 2238 2239 2240 2241 2242 2243 2244 2245 2246 2247 2248 2249 2250 2251 2252 2253 2254 2255 2256 2257 2258 2259 2260 2261 2262 2263 2264
f 2201 2202 2234 2233
f 2202 2203 2235 2234
f 2203 2204 2236 2235
f 2204 2205 2237 2236
f 2205 2206 2238 2237
f 2206 2207 2239 2238
f 2207 2208 2240 2239
f 2208 2209 2241 2240
f 2209 2210 2242 2241
f 2210 2211 2243 2242
f 2211 2212 2244 2243
f 2212 2213 2245 2244
f 2213 2214 2246 2245
f 2214 2215 2247 2246
f 2215 2216 2248 2247
f 2216 2217 2249 2248
f 2217 2218 2250 2249
f 2218 2219 2251 2250
f 2219 2220 2252 2251
f 2220 2221 2253 2252
f 2221 2222 2254 2253
f 2222 2223 2255 2254
f 2223 2224 2256 2255
f 2224 2225 2257 2256
f 2225 2226 2258 2257
f 2226 2227 2259 2258
f 2227 2228 2260 2259
f 2228 2229 2261 2260
f 2229 2230 2262 2261
f 2230 2231 2263 2262
f 2231 2232 2264 2263
f 2232 2201 2233 2264
o 87_Pole_face
usemtl steel
v 1.630000 0.000000 1.177500
v 1.626157 0.039018 1.177500
v 1.614776 0.076537 1.177500
v 1.596294 0.111114 1.177500
v 1.571421 0.141421 1.177500
v 1.541114 0.166294 1.177500
v 1.506537 0.184776 1.177500
v 1.469018 0.196157 1.177500
v 1.430000 0.200000 1.177500
v 1.390982 0.196157 1.177500
v 1.353463 0.184776 1.177500
v 1.318886 0.166294 1.177500
v 1.288579 0.141421 1.177500
v 1.263706 0.111114 1.177500
v 1.245224 0.076537 1.177500
v 1.233843 0.039018 1.177500
v 1.230000 0.000000 1.177500
v 1.233843 -0.039018 1.177500
v 1.245224 -0.076537 1.177500
v 1.263706 -0.111114 1.177500
v 1.288579 -0.141421 1.177500
v 1.318886 -0.166294 1.177500
v 1.353463 -0.184776 1.177500
v 1.390982 -0.196157 1.177500
v 1.430000 -0.200000 1.177500
v 1.469018 -0.196157 1.177500
v 1.506537 -0.184776 1.177500
v 1.541114 -0.166294 1.177500
v 1.571421 -0.141421 1.177500
v 1.596294 -0.111114 1.177500
v 1.614776 -0.076537 1.177500
v 1.626157 -0.039018 1.177500
v 1.630000 0.000000 1.202500
v 1.626157 0.039018 1.202500
v 1.614776 0.076537 1.202500
v 1.596294 0.111114 1.202500
v 1.571421 0.141421 1.202500
v 1.541114 0.166294 1.202500
v 1.506537 0.184776 1.202500
v 1.469018 0.196157 1.202500
v 1.430000 0.200000 1.202500
v 1.390982 0.196157 1.202500
v 1.353463 0.184776 1.202500
v 1.318886 0.166294 1.202500
v 1.288579 0.141421 1.202500
v 1.263706 0.111114 1.202500
v 1.245224 0.076537 1.202500
v 1.233843 0.039018 1.202500
v 1.230000 0.000000 1.202500
v 1.233843 -0.039018 1.202500
v 1.245224 -0.076537 1.202500
v 1.263706 -0.111114 1.202500
v 1.288579 -0.141421 1.202500
v 1.318886 -0.166294 1.202500
v 1.353463 -0.184776 1.202500
v 1.390982 -0.196157 1.202500
v 1.430000 -0.200000 1.202500
v 1.469018 -0.196157 1.202500
v 1.506537 -0.184776 1.202500
v 1.541114 -0.166294 1.202500
v 1.571421 -0.141421 1.202500
v 1.596294 -0.111114 1.202500
v 1.614776 -0.076537 1.202500
v 1.626157 -0.039018 1.202500
f 2296 2295 2294 2293 2292 2291 2290 2289 2288 2287 2286 2285 2284 2283 2282 2281 2280 2279 2278 2277 2276 2275 2274 2273 2272 2271 2270 2269 2268 2267 2266 2265
f 2297 2298 2299 2300 2301 2302 2303 2304 2305 2306 2307 2308 2309 2310 2311 2312 2313 2314 2315 2316 2317 2318 2319 2320 2321 2322 2323 2324 2325 2326 2327 2328
f 2265 2266 2298 2297
f 2266 2267 2299 2298
f 2267 2268 2300 2299
f 2268 2269 2301 2300
f 2269 2270 2302 2301
f 2270 2271 2303 2302
f 2271 2272 2304 2303
f 2272 2273 2305 2304
f 2273 2274 2306 2305
f 2274 2275 2307 2306
f 2275 2276 2308 2307
f 2276 2277 2309 2308
f 2277 2278 2310 2309
f 2278 2279 2311 2310
f 2279 2280 2312 2311
f 2280 2281 2313 2312
f 2281 2282 2314 2313
f 2282 2283 2315 2314
f 2283 2284 2316 2315
f 2284 2285 2317 2316
f 2285 2286 2318 2317
f 2286 2287 2319 2318
f 2287 2288 2320 2319
f 2288 2289 2321 2320
f 2289 2290 2322 2321
f 2290 2291 2323 2322
f 2291 2292 2324 2323
f 2292 2293 2325 2324
f 2293 2294 2326 2325
f 2294 2295 2327 2326
f 2295 2296 2328 2327
f 2296 2265 2297 2328
o 88_Suspension
usemtl steel
v 1.470000 0.000000 1.455000
v 1.469231 0.007804 1.455000
v 1.466955 0.015307 1.455000
v 1.463259 0.022223 1.455000
v 1.458284 0.028284 1.455000
v 1.452223 0.033259 1.455000
v 1.445307 0.036955 1.455000
v 1.437804 0.039231 1.455000
v 1.430000 0.040000 1.455000
v 1.422196 0.039231 1.455000
v 1.414693 0.036955 1.455000
v 1.407777 0.033259 1.455000
v 1.401716 0.028284 1.455000
v 1.396741 0.022223 1.455000
v 1.393045 0.015307 1.455000
v 1.390769 0.007804 1.455000
v 1.390000 0.000000 1.455000
v 1.390769 -0.007804 1.455000
v 1.393045 -0.015307 1.455000
v 1.396741 -0.022223 1.455000
v 1.401716 -0.028284 1.455000
v 1.407777 -0.033259 1.455000
v 1.414693 -0.036955 1.455000
v 1.422196 -0.039231 1.455000
v 1.430000 -0.040000 1.455000
v 1.437804 -0.039231 1.455000
v 1.445307 -0.036955 1.455000
v 1.452223 -0.033259 1.455000
v 1.458284 -0.028284 1.455000
v 1.463259 -0.022223 1.455000
v 1.466955 -0.015307 1.455000
v 1.469231 -0.007804 1.455000
v 1.470000 0.000000 1.705000
v 1.469231 0.007804 1.705000
v 1.466955 0.015307 1.705000
v 1.463259 0.022223 1.705000
v 1.458284 0.028284 1.705000
v 1.452223 0.033259 1.705000
v 1.445307 0.036955 1.705000
v 1.437804 0.039231 1.705000
v 1.430000 0.040000 1.705000
v 1.422196 0.039231 1.705000
v 1.414693 0.036955 1.705000
v 1.407777 0.033259 1.705000
v 1.401716 0.028284 1.705000
v 1.396741 0.022223 1.705000
v 1.393045 0.015307 1.705000
v 1.390769 0.007804 1.705000
v 1.390000 0.000000 1.705000
v 1.390769 -0.007804 1.705000
v 1.393045 -0.015307 1.705000
v 1.396741 -0.022223 1.705000
v 1.401716 -0.028284 1.705000
v 1.407777 -0.033259 1.705000
v 1.414693 -0.036955 1.705000
v 1.422196 -0.039231 1.705000
v 1.430000 -0.040000 1.705000
v 1.437804 -0.039231 1.705000
v 1.445307 -0.036955 1.705000
v 1.452223 -0.033259 1.705000
v 1.458284 -0.028284 1.705000
v 1.463259 -0.022223 1.705000
v 1.466955 -0.015307 1.705000
v 1.469231 -0.007804 1.705000
f 2360 2359 2358 2357 2356 2355 2354 2353 2352 2351 2350 2349 2348 2347 2346 2345 2344 2343 2342 2341 2340 2339 2338 2337 2336 2335 2334 2333 2332 2331 2330 2329
f 2361 2362 2363 2364 2365 2366 2367 2368 2369 2370 2371 2372 2373 2374 2375 2376 2377 2378 2379 2380 2381 2382 2383 2384 2385 2386 2387 2388 2389 2390 2391 2392
f 2329 2330 2362 2361
f 2330 2331 2363 2362
f 2331 2332 2364 2363
f 2332 2333 2365 2364
f 2333 2334 2366 2365
f 2334 2335 2367 2366
f 2335 2336 2368 2367
f 2336 2337 2369 2368
f 2337 2338 2370 2369
f 2338 2339 2371 2370
f 2339 2340 2372 2371
f 2340 2341 2373 2372
f 2341 2342 2374 2373
f 2342 2343 2375 2374
f 2343 2344 2376 2375
f 2344 2345 2377 2376
f 2345 2346 2378 2377
f 2346 2347 2379 2378
f 2347 2348 2380 2379
f 2348 2349 2381 2380
f 2349 2350 2382 2381
f 2350 2351 2383 2382
f 2351 2352 2384 2383
f 2352 2353 2385 2384
f 2353 2354 2386 2385
f 2354 2355 2387 2386
f 2355 2356 2388 2387
f 2356 2357 2389 2388
f 2357 2358 2390 2389
f 2358 2359 2391 2390
f 2359 2360 2392 2391
f 2360 2329 2361 2392
o 89_Gate_pivot
usemtl dark
v 1.945000 0.420000 0.860000
v 1.944135 0.428779 0.860000
v 1.941575 0.437221 0.860000
v 1.937416 0.445001 0.860000
v 1.931820 0.451820 0.860000
v 1.925001 0.457416 0.860000
v 1.917221 0.461575 0.860000
v 1.908779 0.464135 0.860000
v 1.900000 0.465000 0.860000
v 1.891221 0.464135 0.860000
v 1.882779 0.461575 0.860000
v 1.874999 0.457416 0.860000
v 1.868180 0.451820 0.860000
v 1.862584 0.445001 0.860000
v 1.858425 0.437221 0.860000
v 1.855865 0.428779 0.860000
v 1.855000 0.420000 0.860000
v 1.855865 0.411221 0.860000
v 1.858425 0.402779 0.860000
v 1.862584 0.394999 0.860000
v 1.868180 0.388180 0.860000
v 1.874999 0.382584 0.860000
v 1.882779 0.378425 0.860000
v 1.891221 0.375865 0.860000
v 1.900000 0.375000 0.860000
v 1.908779 0.375865 0.860000
v 1.917221 0.378425 0.860000
v 1.925001 0.382584 0.860000
v 1.931820 0.388180 0.860000
v 1.937416 0.394999 0.860000
v 1.941575 0.402779 0.860000
v 1.944135 0.411221 0.860000
v 1.945000 0.420000 1.120000
v 1.944135 0.428779 1.120000
v 1.941575 0.437221 1.120000
v 1.937416 0.445001 1.120000
v 1.931820 0.451820 1.120000
v 1.925001 0.457416 1.120000
v 1.917221 0.461575 1.120000
v 1.908779 0.464135 1.120000
v 1.900000 0.465000 1.120000
v 1.891221 0.464135 1.120000
v 1.882779 0.461575 1.120000
v 1.874999 0.457416 1.120000
v 1.868180 0.451820 1.120000
v 1.862584 0.445001 1.120000
v 1.858425 0.437221 1.120000
v 1.855865 0.428779 1.120000
v 1.855000 0.420000 1.120000
v 1.855865 0.411221 1.120000
v 1.858425 0.402779 1.120000
v 1.862584 0.394999 1.120000
v 1.868180 0.388180 1.120000
v 1.874999 0.382584 1.120000
v 1.882779 0.378425 1.120000
v 1.891221 0.375865 1.120000
v 1.900000 0.375000 1.120000
v 1.908779 0.375865 1.120000
v 1.917221 0.378425 1.120000
v 1.925001 0.382584 1.120000
v 1.931820 0.388180 1.120000
v 1.937416 0.394999 1.120000
v 1.941575 0.402779 1.120000
v 1.944135 0.411221 1.120000
f 2424 2423 2422 2421 2420 2419 2418 2417 2416 2415 2414 2413 2412 2411 2410 2409 2408 2407 2406 2405 2404 2403 2402 2401 2400 2399 2398 2397 2396 2395 2394 2393
f 2425 2426 2427 2428 2429 2430 2431 2432 2433 2434 2435 2436 2437 2438 2439 2440 2441 2442 2443 2444 2445 2446 2447 2448 2449 2450 2451 2452 2453 2454 2455 2456
f 2393 2394 2426 2425
f 2394 2395 2427 2426
f 2395 2396 2428 2427
f 2396 2397 2429 2428
f 2397 2398 2430 2429
f 2398 2399 2431 2430
f 2399 2400 2432 2431
f 2400 2401 2433 2432
f 2401 2402 2434 2433
f 2402 2403 2435 2434
f 2403 2404 2436 2435
f 2404 2405 2437 2436
f 2405 2406 2438 2437
f 2406 2407 2439 2438
f 2407 2408 2440 2439
f 2408 2409 2441 2440
f 2409 2410 2442 2441
f 2410 2411 2443 2442
f 2411 2412 2444 2443
f 2412 2413 2445 2444
f 2413 2414 2446 2445
f 2414 2415 2447 2446
f 2415 2416 2448 2447
f 2416 2417 2449 2448
f 2417 2418 2450 2449
f 2418 2419 2451 2450
f 2419 2420 2452 2451
f 2420 2421 2453 2452
f 2421 2422 2454 2453
f 2422 2423 2455 2454
f 2423 2424 2456 2455
f 2424 2393 2425 2456
o 90_Mechanical_gate
usemtl yellow
v 1.624627 -0.070011 0.865000
v 1.656142 -0.085235 0.865000
v 1.895373 0.410011 0.865000
v 1.863858 0.425235 0.865000
v 1.624627 -0.070011 1.035000
v 1.656142 -0.085235 1.035000
v 1.895373 0.410011 1.035000
v 1.863858 0.425235 1.035000
f 2460 2459 2458 2457
f 2461 2462 2463 2464
f 2457 2458 2462 2461
f 2458 2459 2463 2462
f 2459 2460 2464 2463
f 2460 2457 2461 2464
o 91_Gate_servo
usemtl dark
v 1.820000 0.450000 0.840000
v 1.980000 0.450000 0.840000
v 1.980000 0.610000 0.840000
v 1.820000 0.610000 0.840000
v 1.820000 0.450000 1.000000
v 1.980000 0.450000 1.000000
v 1.980000 0.610000 1.000000
v 1.820000 0.610000 1.000000
f 2468 2467 2466 2465
f 2469 2470 2471 2472
f 2465 2466 2470 2469
f 2466 2467 2471 2470
f 2467 2468 2472 2471
f 2468 2465 2469 2472
o 92_Plastic_floor
usemtl blue
v -0.275000 -1.325000 0.000000
v 0.275000 -1.325000 0.000000
v 0.275000 -0.775000 0.000000
v -0.275000 -0.775000 0.000000
v -0.275000 -1.325000 0.050000
v 0.275000 -1.325000 0.050000
v 0.275000 -0.775000 0.050000
v -0.275000 -0.775000 0.050000
f 2476 2475 2474 2473
f 2477 2478 2479 2480
f 2473 2474 2478 2477
f 2474 2475 2479 2478
f 2475 2476 2480 2479
f 2476 2473 2477 2480
o 93_Plastic_side
usemtl blue
v -0.275000 -1.325000 0.000000
v -0.245000 -1.325000 0.000000
v -0.245000 -0.775000 0.000000
v -0.275000 -0.775000 0.000000
v -0.275000 -1.325000 0.680000
v -0.245000 -1.325000 0.680000
v -0.245000 -0.775000 0.680000
v -0.275000 -0.775000 0.680000
f 2484 2483 2482 2481
f 2485 2486 2487 2488
f 2481 2482 2486 2485
f 2482 2483 2487 2486
f 2483 2484 2488 2487
f 2484 2481 2485 2488
o 94_Plastic_side
usemtl blue
v 0.245000 -1.325000 0.000000
v 0.275000 -1.325000 0.000000
v 0.275000 -0.775000 0.000000
v 0.245000 -0.775000 0.000000
v 0.245000 -1.325000 0.680000
v 0.275000 -1.325000 0.680000
v 0.275000 -0.775000 0.680000
v 0.245000 -0.775000 0.680000
f 2492 2491 2490 2489
f 2493 2494 2495 2496
f 2489 2490 2494 2493
f 2490 2491 2495 2494
f 2491 2492 2496 2495
f 2492 2489 2493 2496
o 95_Plastic_wall
usemtl blue
v -0.275000 -1.325000 0.000000
v 0.275000 -1.325000 0.000000
v 0.275000 -1.295000 0.000000
v -0.275000 -1.295000 0.000000
v -0.275000 -1.325000 0.680000
v 0.275000 -1.325000 0.680000
v 0.275000 -1.295000 0.680000
v -0.275000 -1.295000 0.680000
f 2500 2499 2498 2497
f 2501 2502 2503 2504
f 2497 2498 2502 2501
f 2498 2499 2503 2502
f 2499 2500 2504 2503
f 2500 2497 2501 2504
o 96_Plastic_wall
usemtl blue
v -0.275000 -0.805000 0.000000
v 0.275000 -0.805000 0.000000
v 0.275000 -0.775000 0.000000
v -0.275000 -0.775000 0.000000
v -0.275000 -0.805000 0.680000
v 0.275000 -0.805000 0.680000
v 0.275000 -0.775000 0.680000
v -0.275000 -0.775000 0.680000
f 2508 2507 2506 2505
f 2509 2510 2511 2512
f 2505 2506 2510 2509
f 2506 2507 2511 2510
f 2507 2508 2512 2511
f 2508 2505 2509 2512
o 97_Plastic_wheel
usemtl dark
v -0.205000 -0.830000 0.000000
v -0.205000 -0.814393 0.001537
v -0.205000 -0.799385 0.006090
v -0.205000 -0.785554 0.013482
v -0.205000 -0.773431 0.023431
v -0.205000 -0.763482 0.035554
v -0.205000 -0.756090 0.049385
v -0.205000 -0.751537 0.064393
v -0.205000 -0.750000 0.080000
v -0.205000 -0.751537 0.095607
v -0.205000 -0.756090 0.110615
v -0.205000 -0.763482 0.124446
v -0.205000 -0.773431 0.136569
v -0.205000 -0.785554 0.146518
v -0.205000 -0.799385 0.153910
v -0.205000 -0.814393 0.158463
v -0.205000 -0.830000 0.160000
v -0.205000 -0.845607 0.158463
v -0.205000 -0.860615 0.153910
v -0.205000 -0.874446 0.146518
v -0.205000 -0.886569 0.136569
v -0.205000 -0.896518 0.124446
v -0.205000 -0.903910 0.110615
v -0.205000 -0.908463 0.095607
v -0.205000 -0.910000 0.080000
v -0.205000 -0.908463 0.064393
v -0.205000 -0.903910 0.049385
v -0.205000 -0.896518 0.035554
v -0.205000 -0.886569 0.023431
v -0.205000 -0.874446 0.013482
v -0.205000 -0.860615 0.006090
v -0.205000 -0.845607 0.001537
v -0.155000 -0.830000 0.000000
v -0.155000 -0.814393 0.001537
v -0.155000 -0.799385 0.006090
v -0.155000 -0.785554 0.013482
v -0.155000 -0.773431 0.023431
v -0.155000 -0.763482 0.035554
v -0.155000 -0.756090 0.049385
v -0.155000 -0.751537 0.064393
v -0.155000 -0.750000 0.080000
v -0.155000 -0.751537 0.095607
v -0.155000 -0.756090 0.110615
v -0.155000 -0.763482 0.124446
v -0.155000 -0.773431 0.136569
v -0.155000 -0.785554 0.146518
v -0.155000 -0.799385 0.153910
v -0.155000 -0.814393 0.158463
v -0.155000 -0.830000 0.160000
v -0.155000 -0.845607 0.158463
v -0.155000 -0.860615 0.153910
v -0.155000 -0.874446 0.146518
v -0.155000 -0.886569 0.136569
v -0.155000 -0.896518 0.124446
v -0.155000 -0.903910 0.110615
v -0.155000 -0.908463 0.095607
v -0.155000 -0.910000 0.080000
v -0.155000 -0.908463 0.064393
v -0.155000 -0.903910 0.049385
v -0.155000 -0.896518 0.035554
v -0.155000 -0.886569 0.023431
v -0.155000 -0.874446 0.013482
v -0.155000 -0.860615 0.006090
v -0.155000 -0.845607 0.001537
f 2544 2543 2542 2541 2540 2539 2538 2537 2536 2535 2534 2533 2532 2531 2530 2529 2528 2527 2526 2525 2524 2523 2522 2521 2520 2519 2518 2517 2516 2515 2514 2513
f 2545 2546 2547 2548 2549 2550 2551 2552 2553 2554 2555 2556 2557 2558 2559 2560 2561 2562 2563 2564 2565 2566 2567 2568 2569 2570 2571 2572 2573 2574 2575 2576
f 2513 2514 2546 2545
f 2514 2515 2547 2546
f 2515 2516 2548 2547
f 2516 2517 2549 2548
f 2517 2518 2550 2549
f 2518 2519 2551 2550
f 2519 2520 2552 2551
f 2520 2521 2553 2552
f 2521 2522 2554 2553
f 2522 2523 2555 2554
f 2523 2524 2556 2555
f 2524 2525 2557 2556
f 2525 2526 2558 2557
f 2526 2527 2559 2558
f 2527 2528 2560 2559
f 2528 2529 2561 2560
f 2529 2530 2562 2561
f 2530 2531 2563 2562
f 2531 2532 2564 2563
f 2532 2533 2565 2564
f 2533 2534 2566 2565
f 2534 2535 2567 2566
f 2535 2536 2568 2567
f 2536 2537 2569 2568
f 2537 2538 2570 2569
f 2538 2539 2571 2570
f 2539 2540 2572 2571
f 2540 2541 2573 2572
f 2541 2542 2574 2573
f 2542 2543 2575 2574
f 2543 2544 2576 2575
f 2544 2513 2545 2576
o 98_Plastic_wheel
usemtl dark
v 0.155000 -0.830000 0.000000
v 0.155000 -0.814393 0.001537
v 0.155000 -0.799385 0.006090
v 0.155000 -0.785554 0.013482
v 0.155000 -0.773431 0.023431
v 0.155000 -0.763482 0.035554
v 0.155000 -0.756090 0.049385
v 0.155000 -0.751537 0.064393
v 0.155000 -0.750000 0.080000
v 0.155000 -0.751537 0.095607
v 0.155000 -0.756090 0.110615
v 0.155000 -0.763482 0.124446
v 0.155000 -0.773431 0.136569
v 0.155000 -0.785554 0.146518
v 0.155000 -0.799385 0.153910
v 0.155000 -0.814393 0.158463
v 0.155000 -0.830000 0.160000
v 0.155000 -0.845607 0.158463
v 0.155000 -0.860615 0.153910
v 0.155000 -0.874446 0.146518
v 0.155000 -0.886569 0.136569
v 0.155000 -0.896518 0.124446
v 0.155000 -0.903910 0.110615
v 0.155000 -0.908463 0.095607
v 0.155000 -0.910000 0.080000
v 0.155000 -0.908463 0.064393
v 0.155000 -0.903910 0.049385
v 0.155000 -0.896518 0.035554
v 0.155000 -0.886569 0.023431
v 0.155000 -0.874446 0.013482
v 0.155000 -0.860615 0.006090
v 0.155000 -0.845607 0.001537
v 0.205000 -0.830000 0.000000
v 0.205000 -0.814393 0.001537
v 0.205000 -0.799385 0.006090
v 0.205000 -0.785554 0.013482
v 0.205000 -0.773431 0.023431
v 0.205000 -0.763482 0.035554
v 0.205000 -0.756090 0.049385
v 0.205000 -0.751537 0.064393
v 0.205000 -0.750000 0.080000
v 0.205000 -0.751537 0.095607
v 0.205000 -0.756090 0.110615
v 0.205000 -0.763482 0.124446
v 0.205000 -0.773431 0.136569
v 0.205000 -0.785554 0.146518
v 0.205000 -0.799385 0.153910
v 0.205000 -0.814393 0.158463
v 0.205000 -0.830000 0.160000
v 0.205000 -0.845607 0.158463
v 0.205000 -0.860615 0.153910
v 0.205000 -0.874446 0.146518
v 0.205000 -0.886569 0.136569
v 0.205000 -0.896518 0.124446
v 0.205000 -0.903910 0.110615
v 0.205000 -0.908463 0.095607
v 0.205000 -0.910000 0.080000
v 0.205000 -0.908463 0.064393
v 0.205000 -0.903910 0.049385
v 0.205000 -0.896518 0.035554
v 0.205000 -0.886569 0.023431
v 0.205000 -0.874446 0.013482
v 0.205000 -0.860615 0.006090
v 0.205000 -0.845607 0.001537
f 2608 2607 2606 2605 2604 2603 2602 2601 2600 2599 2598 2597 2596 2595 2594 2593 2592 2591 2590 2589 2588 2587 2586 2585 2584 2583 2582 2581 2580 2579 2578 2577
f 2609 2610 2611 2612 2613 2614 2615 2616 2617 2618 2619 2620 2621 2622 2623 2624 2625 2626 2627 2628 2629 2630 2631 2632 2633 2634 2635 2636 2637 2638 2639 2640
f 2577 2578 2610 2609
f 2578 2579 2611 2610
f 2579 2580 2612 2611
f 2580 2581 2613 2612
f 2581 2582 2614 2613
f 2582 2583 2615 2614
f 2583 2584 2616 2615
f 2584 2585 2617 2616
f 2585 2586 2618 2617
f 2586 2587 2619 2618
f 2587 2588 2620 2619
f 2588 2589 2621 2620
f 2589 2590 2622 2621
f 2590 2591 2623 2622
f 2591 2592 2624 2623
f 2592 2593 2625 2624
f 2593 2594 2626 2625
f 2594 2595 2627 2626
f 2595 2596 2628 2627
f 2596 2597 2629 2628
f 2597 2598 2630 2629
f 2598 2599 2631 2630
f 2599 2600 2632 2631
f 2600 2601 2633 2632
f 2601 2602 2634 2633
f 2602 2603 2635 2634
f 2603 2604 2636 2635
f 2604 2605 2637 2636
f 2605 2606 2638 2637
f 2606 2607 2639 2638
f 2607 2608 2640 2639
f 2608 2577 2609 2640
o 99_Plastic_label
usemtl white
v -0.165000 -1.333000 0.340000
v 0.165000 -1.333000 0.340000
v 0.165000 -1.325000 0.340000
v -0.165000 -1.325000 0.340000
v -0.165000 -1.333000 0.500000
v 0.165000 -1.333000 0.500000
v 0.165000 -1.325000 0.500000
v -0.165000 -1.325000 0.500000
f 2644 2643 2642 2641
f 2645 2646 2647 2648
f 2641 2642 2646 2645
f 2642 2643 2647 2646
f 2643 2644 2648 2647
f 2644 2641 2645 2648
o 100_Paper_floor
usemtl yellow
v 0.525000 -1.325000 0.000000
v 1.075000 -1.325000 0.000000
v 1.075000 -0.775000 0.000000
v 0.525000 -0.775000 0.000000
v 0.525000 -1.325000 0.050000
v 1.075000 -1.325000 0.050000
v 1.075000 -0.775000 0.050000
v 0.525000 -0.775000 0.050000
f 2652 2651 2650 2649
f 2653 2654 2655 2656
f 2649 2650 2654 2653
f 2650 2651 2655 2654
f 2651 2652 2656 2655
f 2652 2649 2653 2656
o 101_Paper_side
usemtl yellow
v 0.525000 -1.325000 0.000000
v 0.555000 -1.325000 0.000000
v 0.555000 -0.775000 0.000000
v 0.525000 -0.775000 0.000000
v 0.525000 -1.325000 0.680000
v 0.555000 -1.325000 0.680000
v 0.555000 -0.775000 0.680000
v 0.525000 -0.775000 0.680000
f 2660 2659 2658 2657
f 2661 2662 2663 2664
f 2657 2658 2662 2661
f 2658 2659 2663 2662
f 2659 2660 2664 2663
f 2660 2657 2661 2664
o 102_Paper_side
usemtl yellow
v 1.045000 -1.325000 0.000000
v 1.075000 -1.325000 0.000000
v 1.075000 -0.775000 0.000000
v 1.045000 -0.775000 0.000000
v 1.045000 -1.325000 0.680000
v 1.075000 -1.325000 0.680000
v 1.075000 -0.775000 0.680000
v 1.045000 -0.775000 0.680000
f 2668 2667 2666 2665
f 2669 2670 2671 2672
f 2665 2666 2670 2669
f 2666 2667 2671 2670
f 2667 2668 2672 2671
f 2668 2665 2669 2672
o 103_Paper_wall
usemtl yellow
v 0.525000 -1.325000 0.000000
v 1.075000 -1.325000 0.000000
v 1.075000 -1.295000 0.000000
v 0.525000 -1.295000 0.000000
v 0.525000 -1.325000 0.680000
v 1.075000 -1.325000 0.680000
v 1.075000 -1.295000 0.680000
v 0.525000 -1.295000 0.680000
f 2676 2675 2674 2673
f 2677 2678 2679 2680
f 2673 2674 2678 2677
f 2674 2675 2679 2678
f 2675 2676 2680 2679
f 2676 2673 2677 2680
o 104_Paper_wall
usemtl yellow
v 0.525000 -0.805000 0.000000
v 1.075000 -0.805000 0.000000
v 1.075000 -0.775000 0.000000
v 0.525000 -0.775000 0.000000
v 0.525000 -0.805000 0.680000
v 1.075000 -0.805000 0.680000
v 1.075000 -0.775000 0.680000
v 0.525000 -0.775000 0.680000
f 2684 2683 2682 2681
f 2685 2686 2687 2688
f 2681 2682 2686 2685
f 2682 2683 2687 2686
f 2683 2684 2688 2687
f 2684 2681 2685 2688
o 105_Paper_wheel
usemtl dark
v 0.595000 -0.830000 0.000000
v 0.595000 -0.814393 0.001537
v 0.595000 -0.799385 0.006090
v 0.595000 -0.785554 0.013482
v 0.595000 -0.773431 0.023431
v 0.595000 -0.763482 0.035554
v 0.595000 -0.756090 0.049385
v 0.595000 -0.751537 0.064393
v 0.595000 -0.750000 0.080000
v 0.595000 -0.751537 0.095607
v 0.595000 -0.756090 0.110615
v 0.595000 -0.763482 0.124446
v 0.595000 -0.773431 0.136569
v 0.595000 -0.785554 0.146518
v 0.595000 -0.799385 0.153910
v 0.595000 -0.814393 0.158463
v 0.595000 -0.830000 0.160000
v 0.595000 -0.845607 0.158463
v 0.595000 -0.860615 0.153910
v 0.595000 -0.874446 0.146518
v 0.595000 -0.886569 0.136569
v 0.595000 -0.896518 0.124446
v 0.595000 -0.903910 0.110615
v 0.595000 -0.908463 0.095607
v 0.595000 -0.910000 0.080000
v 0.595000 -0.908463 0.064393
v 0.595000 -0.903910 0.049385
v 0.595000 -0.896518 0.035554
v 0.595000 -0.886569 0.023431
v 0.595000 -0.874446 0.013482
v 0.595000 -0.860615 0.006090
v 0.595000 -0.845607 0.001537
v 0.645000 -0.830000 0.000000
v 0.645000 -0.814393 0.001537
v 0.645000 -0.799385 0.006090
v 0.645000 -0.785554 0.013482
v 0.645000 -0.773431 0.023431
v 0.645000 -0.763482 0.035554
v 0.645000 -0.756090 0.049385
v 0.645000 -0.751537 0.064393
v 0.645000 -0.750000 0.080000
v 0.645000 -0.751537 0.095607
v 0.645000 -0.756090 0.110615
v 0.645000 -0.763482 0.124446
v 0.645000 -0.773431 0.136569
v 0.645000 -0.785554 0.146518
v 0.645000 -0.799385 0.153910
v 0.645000 -0.814393 0.158463
v 0.645000 -0.830000 0.160000
v 0.645000 -0.845607 0.158463
v 0.645000 -0.860615 0.153910
v 0.645000 -0.874446 0.146518
v 0.645000 -0.886569 0.136569
v 0.645000 -0.896518 0.124446
v 0.645000 -0.903910 0.110615
v 0.645000 -0.908463 0.095607
v 0.645000 -0.910000 0.080000
v 0.645000 -0.908463 0.064393
v 0.645000 -0.903910 0.049385
v 0.645000 -0.896518 0.035554
v 0.645000 -0.886569 0.023431
v 0.645000 -0.874446 0.013482
v 0.645000 -0.860615 0.006090
v 0.645000 -0.845607 0.001537
f 2720 2719 2718 2717 2716 2715 2714 2713 2712 2711 2710 2709 2708 2707 2706 2705 2704 2703 2702 2701 2700 2699 2698 2697 2696 2695 2694 2693 2692 2691 2690 2689
f 2721 2722 2723 2724 2725 2726 2727 2728 2729 2730 2731 2732 2733 2734 2735 2736 2737 2738 2739 2740 2741 2742 2743 2744 2745 2746 2747 2748 2749 2750 2751 2752
f 2689 2690 2722 2721
f 2690 2691 2723 2722
f 2691 2692 2724 2723
f 2692 2693 2725 2724
f 2693 2694 2726 2725
f 2694 2695 2727 2726
f 2695 2696 2728 2727
f 2696 2697 2729 2728
f 2697 2698 2730 2729
f 2698 2699 2731 2730
f 2699 2700 2732 2731
f 2700 2701 2733 2732
f 2701 2702 2734 2733
f 2702 2703 2735 2734
f 2703 2704 2736 2735
f 2704 2705 2737 2736
f 2705 2706 2738 2737
f 2706 2707 2739 2738
f 2707 2708 2740 2739
f 2708 2709 2741 2740
f 2709 2710 2742 2741
f 2710 2711 2743 2742
f 2711 2712 2744 2743
f 2712 2713 2745 2744
f 2713 2714 2746 2745
f 2714 2715 2747 2746
f 2715 2716 2748 2747
f 2716 2717 2749 2748
f 2717 2718 2750 2749
f 2718 2719 2751 2750
f 2719 2720 2752 2751
f 2720 2689 2721 2752
o 106_Paper_wheel
usemtl dark
v 0.955000 -0.830000 0.000000
v 0.955000 -0.814393 0.001537
v 0.955000 -0.799385 0.006090
v 0.955000 -0.785554 0.013482
v 0.955000 -0.773431 0.023431
v 0.955000 -0.763482 0.035554
v 0.955000 -0.756090 0.049385
v 0.955000 -0.751537 0.064393
v 0.955000 -0.750000 0.080000
v 0.955000 -0.751537 0.095607
v 0.955000 -0.756090 0.110615
v 0.955000 -0.763482 0.124446
v 0.955000 -0.773431 0.136569
v 0.955000 -0.785554 0.146518
v 0.955000 -0.799385 0.153910
v 0.955000 -0.814393 0.158463
v 0.955000 -0.830000 0.160000
v 0.955000 -0.845607 0.158463
v 0.955000 -0.860615 0.153910
v 0.955000 -0.874446 0.146518
v 0.955000 -0.886569 0.136569
v 0.955000 -0.896518 0.124446
v 0.955000 -0.903910 0.110615
v 0.955000 -0.908463 0.095607
v 0.955000 -0.910000 0.080000
v 0.955000 -0.908463 0.064393
v 0.955000 -0.903910 0.049385
v 0.955000 -0.896518 0.035554
v 0.955000 -0.886569 0.023431
v 0.955000 -0.874446 0.013482
v 0.955000 -0.860615 0.006090
v 0.955000 -0.845607 0.001537
v 1.005000 -0.830000 0.000000
v 1.005000 -0.814393 0.001537
v 1.005000 -0.799385 0.006090
v 1.005000 -0.785554 0.013482
v 1.005000 -0.773431 0.023431
v 1.005000 -0.763482 0.035554
v 1.005000 -0.756090 0.049385
v 1.005000 -0.751537 0.064393
v 1.005000 -0.750000 0.080000
v 1.005000 -0.751537 0.095607
v 1.005000 -0.756090 0.110615
v 1.005000 -0.763482 0.124446
v 1.005000 -0.773431 0.136569
v 1.005000 -0.785554 0.146518
v 1.005000 -0.799385 0.153910
v 1.005000 -0.814393 0.158463
v 1.005000 -0.830000 0.160000
v 1.005000 -0.845607 0.158463
v 1.005000 -0.860615 0.153910
v 1.005000 -0.874446 0.146518
v 1.005000 -0.886569 0.136569
v 1.005000 -0.896518 0.124446
v 1.005000 -0.903910 0.110615
v 1.005000 -0.908463 0.095607
v 1.005000 -0.910000 0.080000
v 1.005000 -0.908463 0.064393
v 1.005000 -0.903910 0.049385
v 1.005000 -0.896518 0.035554
v 1.005000 -0.886569 0.023431
v 1.005000 -0.874446 0.013482
v 1.005000 -0.860615 0.006090
v 1.005000 -0.845607 0.001537
f 2784 2783 2782 2781 2780 2779 2778 2777 2776 2775 2774 2773 2772 2771 2770 2769 2768 2767 2766 2765 2764 2763 2762 2761 2760 2759 2758 2757 2756 2755 2754 2753
f 2785 2786 2787 2788 2789 2790 2791 2792 2793 2794 2795 2796 2797 2798 2799 2800 2801 2802 2803 2804 2805 2806 2807 2808 2809 2810 2811 2812 2813 2814 2815 2816
f 2753 2754 2786 2785
f 2754 2755 2787 2786
f 2755 2756 2788 2787
f 2756 2757 2789 2788
f 2757 2758 2790 2789
f 2758 2759 2791 2790
f 2759 2760 2792 2791
f 2760 2761 2793 2792
f 2761 2762 2794 2793
f 2762 2763 2795 2794
f 2763 2764 2796 2795
f 2764 2765 2797 2796
f 2765 2766 2798 2797
f 2766 2767 2799 2798
f 2767 2768 2800 2799
f 2768 2769 2801 2800
f 2769 2770 2802 2801
f 2770 2771 2803 2802
f 2771 2772 2804 2803
f 2772 2773 2805 2804
f 2773 2774 2806 2805
f 2774 2775 2807 2806
f 2775 2776 2808 2807
f 2776 2777 2809 2808
f 2777 2778 2810 2809
f 2778 2779 2811 2810
f 2779 2780 2812 2811
f 2780 2781 2813 2812
f 2781 2782 2814 2813
f 2782 2783 2815 2814
f 2783 2784 2816 2815
f 2784 2753 2785 2816
o 107_Paper_label
usemtl white
v 0.635000 -1.333000 0.340000
v 0.965000 -1.333000 0.340000
v 0.965000 -1.325000 0.340000
v 0.635000 -1.325000 0.340000
v 0.635000 -1.333000 0.500000
v 0.965000 -1.333000 0.500000
v 0.965000 -1.325000 0.500000
v 0.635000 -1.325000 0.500000
f 2820 2819 2818 2817
f 2821 2822 2823 2824
f 2817 2818 2822 2821
f 2818 2819 2823 2822
f 2819 2820 2824 2823
f 2820 2817 2821 2824
o 108_Metal_floor
usemtl steel
v 1.325000 -1.325000 0.000000
v 1.875000 -1.325000 0.000000
v 1.875000 -0.775000 0.000000
v 1.325000 -0.775000 0.000000
v 1.325000 -1.325000 0.050000
v 1.875000 -1.325000 0.050000
v 1.875000 -0.775000 0.050000
v 1.325000 -0.775000 0.050000
f 2828 2827 2826 2825
f 2829 2830 2831 2832
f 2825 2826 2830 2829
f 2826 2827 2831 2830
f 2827 2828 2832 2831
f 2828 2825 2829 2832
o 109_Metal_side
usemtl steel
v 1.325000 -1.325000 0.000000
v 1.355000 -1.325000 0.000000
v 1.355000 -0.775000 0.000000
v 1.325000 -0.775000 0.000000
v 1.325000 -1.325000 0.680000
v 1.355000 -1.325000 0.680000
v 1.355000 -0.775000 0.680000
v 1.325000 -0.775000 0.680000
f 2836 2835 2834 2833
f 2837 2838 2839 2840
f 2833 2834 2838 2837
f 2834 2835 2839 2838
f 2835 2836 2840 2839
f 2836 2833 2837 2840
o 110_Metal_side
usemtl steel
v 1.845000 -1.325000 0.000000
v 1.875000 -1.325000 0.000000
v 1.875000 -0.775000 0.000000
v 1.845000 -0.775000 0.000000
v 1.845000 -1.325000 0.680000
v 1.875000 -1.325000 0.680000
v 1.875000 -0.775000 0.680000
v 1.845000 -0.775000 0.680000
f 2844 2843 2842 2841
f 2845 2846 2847 2848
f 2841 2842 2846 2845
f 2842 2843 2847 2846
f 2843 2844 2848 2847
f 2844 2841 2845 2848
o 111_Metal_wall
usemtl steel
v 1.325000 -1.325000 0.000000
v 1.875000 -1.325000 0.000000
v 1.875000 -1.295000 0.000000
v 1.325000 -1.295000 0.000000
v 1.325000 -1.325000 0.680000
v 1.875000 -1.325000 0.680000
v 1.875000 -1.295000 0.680000
v 1.325000 -1.295000 0.680000
f 2852 2851 2850 2849
f 2853 2854 2855 2856
f 2849 2850 2854 2853
f 2850 2851 2855 2854
f 2851 2852 2856 2855
f 2852 2849 2853 2856
o 112_Metal_wall
usemtl steel
v 1.325000 -0.805000 0.000000
v 1.875000 -0.805000 0.000000
v 1.875000 -0.775000 0.000000
v 1.325000 -0.775000 0.000000
v 1.325000 -0.805000 0.680000
v 1.875000 -0.805000 0.680000
v 1.875000 -0.775000 0.680000
v 1.325000 -0.775000 0.680000
f 2860 2859 2858 2857
f 2861 2862 2863 2864
f 2857 2858 2862 2861
f 2858 2859 2863 2862
f 2859 2860 2864 2863
f 2860 2857 2861 2864
o 113_Metal_wheel
usemtl dark
v 1.395000 -0.830000 0.000000
v 1.395000 -0.814393 0.001537
v 1.395000 -0.799385 0.006090
v 1.395000 -0.785554 0.013482
v 1.395000 -0.773431 0.023431
v 1.395000 -0.763482 0.035554
v 1.395000 -0.756090 0.049385
v 1.395000 -0.751537 0.064393
v 1.395000 -0.750000 0.080000
v 1.395000 -0.751537 0.095607
v 1.395000 -0.756090 0.110615
v 1.395000 -0.763482 0.124446
v 1.395000 -0.773431 0.136569
v 1.395000 -0.785554 0.146518
v 1.395000 -0.799385 0.153910
v 1.395000 -0.814393 0.158463
v 1.395000 -0.830000 0.160000
v 1.395000 -0.845607 0.158463
v 1.395000 -0.860615 0.153910
v 1.395000 -0.874446 0.146518
v 1.395000 -0.886569 0.136569
v 1.395000 -0.896518 0.124446
v 1.395000 -0.903910 0.110615
v 1.395000 -0.908463 0.095607
v 1.395000 -0.910000 0.080000
v 1.395000 -0.908463 0.064393
v 1.395000 -0.903910 0.049385
v 1.395000 -0.896518 0.035554
v 1.395000 -0.886569 0.023431
v 1.395000 -0.874446 0.013482
v 1.395000 -0.860615 0.006090
v 1.395000 -0.845607 0.001537
v 1.445000 -0.830000 0.000000
v 1.445000 -0.814393 0.001537
v 1.445000 -0.799385 0.006090
v 1.445000 -0.785554 0.013482
v 1.445000 -0.773431 0.023431
v 1.445000 -0.763482 0.035554
v 1.445000 -0.756090 0.049385
v 1.445000 -0.751537 0.064393
v 1.445000 -0.750000 0.080000
v 1.445000 -0.751537 0.095607
v 1.445000 -0.756090 0.110615
v 1.445000 -0.763482 0.124446
v 1.445000 -0.773431 0.136569
v 1.445000 -0.785554 0.146518
v 1.445000 -0.799385 0.153910
v 1.445000 -0.814393 0.158463
v 1.445000 -0.830000 0.160000
v 1.445000 -0.845607 0.158463
v 1.445000 -0.860615 0.153910
v 1.445000 -0.874446 0.146518
v 1.445000 -0.886569 0.136569
v 1.445000 -0.896518 0.124446
v 1.445000 -0.903910 0.110615
v 1.445000 -0.908463 0.095607
v 1.445000 -0.910000 0.080000
v 1.445000 -0.908463 0.064393
v 1.445000 -0.903910 0.049385
v 1.445000 -0.896518 0.035554
v 1.445000 -0.886569 0.023431
v 1.445000 -0.874446 0.013482
v 1.445000 -0.860615 0.006090
v 1.445000 -0.845607 0.001537
f 2896 2895 2894 2893 2892 2891 2890 2889 2888 2887 2886 2885 2884 2883 2882 2881 2880 2879 2878 2877 2876 2875 2874 2873 2872 2871 2870 2869 2868 2867 2866 2865
f 2897 2898 2899 2900 2901 2902 2903 2904 2905 2906 2907 2908 2909 2910 2911 2912 2913 2914 2915 2916 2917 2918 2919 2920 2921 2922 2923 2924 2925 2926 2927 2928
f 2865 2866 2898 2897
f 2866 2867 2899 2898
f 2867 2868 2900 2899
f 2868 2869 2901 2900
f 2869 2870 2902 2901
f 2870 2871 2903 2902
f 2871 2872 2904 2903
f 2872 2873 2905 2904
f 2873 2874 2906 2905
f 2874 2875 2907 2906
f 2875 2876 2908 2907
f 2876 2877 2909 2908
f 2877 2878 2910 2909
f 2878 2879 2911 2910
f 2879 2880 2912 2911
f 2880 2881 2913 2912
f 2881 2882 2914 2913
f 2882 2883 2915 2914
f 2883 2884 2916 2915
f 2884 2885 2917 2916
f 2885 2886 2918 2917
f 2886 2887 2919 2918
f 2887 2888 2920 2919
f 2888 2889 2921 2920
f 2889 2890 2922 2921
f 2890 2891 2923 2922
f 2891 2892 2924 2923
f 2892 2893 2925 2924
f 2893 2894 2926 2925
f 2894 2895 2927 2926
f 2895 2896 2928 2927
f 2896 2865 2897 2928
o 114_Metal_wheel
usemtl dark
v 1.755000 -0.830000 0.000000
v 1.755000 -0.814393 0.001537
v 1.755000 -0.799385 0.006090
v 1.755000 -0.785554 0.013482
v 1.755000 -0.773431 0.023431
v 1.755000 -0.763482 0.035554
v 1.755000 -0.756090 0.049385
v 1.755000 -0.751537 0.064393
v 1.755000 -0.750000 0.080000
v 1.755000 -0.751537 0.095607
v 1.755000 -0.756090 0.110615
v 1.755000 -0.763482 0.124446
v 1.755000 -0.773431 0.136569
v 1.755000 -0.785554 0.146518
v 1.755000 -0.799385 0.153910
v 1.755000 -0.814393 0.158463
v 1.755000 -0.830000 0.160000
v 1.755000 -0.845607 0.158463
v 1.755000 -0.860615 0.153910
v 1.755000 -0.874446 0.146518
v 1.755000 -0.886569 0.136569
v 1.755000 -0.896518 0.124446
v 1.755000 -0.903910 0.110615
v 1.755000 -0.908463 0.095607
v 1.755000 -0.910000 0.080000
v 1.755000 -0.908463 0.064393
v 1.755000 -0.903910 0.049385
v 1.755000 -0.896518 0.035554
v 1.755000 -0.886569 0.023431
v 1.755000 -0.874446 0.013482
v 1.755000 -0.860615 0.006090
v 1.755000 -0.845607 0.001537
v 1.805000 -0.830000 0.000000
v 1.805000 -0.814393 0.001537
v 1.805000 -0.799385 0.006090
v 1.805000 -0.785554 0.013482
v 1.805000 -0.773431 0.023431
v 1.805000 -0.763482 0.035554
v 1.805000 -0.756090 0.049385
v 1.805000 -0.751537 0.064393
v 1.805000 -0.750000 0.080000
v 1.805000 -0.751537 0.095607
v 1.805000 -0.756090 0.110615
v 1.805000 -0.763482 0.124446
v 1.805000 -0.773431 0.136569
v 1.805000 -0.785554 0.146518
v 1.805000 -0.799385 0.153910
v 1.805000 -0.814393 0.158463
v 1.805000 -0.830000 0.160000
v 1.805000 -0.845607 0.158463
v 1.805000 -0.860615 0.153910
v 1.805000 -0.874446 0.146518
v 1.805000 -0.886569 0.136569
v 1.805000 -0.896518 0.124446
v 1.805000 -0.903910 0.110615
v 1.805000 -0.908463 0.095607
v 1.805000 -0.910000 0.080000
v 1.805000 -0.908463 0.064393
v 1.805000 -0.903910 0.049385
v 1.805000 -0.896518 0.035554
v 1.805000 -0.886569 0.023431
v 1.805000 -0.874446 0.013482
v 1.805000 -0.860615 0.006090
v 1.805000 -0.845607 0.001537
f 2960 2959 2958 2957 2956 2955 2954 2953 2952 2951 2950 2949 2948 2947 2946 2945 2944 2943 2942 2941 2940 2939 2938 2937 2936 2935 2934 2933 2932 2931 2930 2929
f 2961 2962 2963 2964 2965 2966 2967 2968 2969 2970 2971 2972 2973 2974 2975 2976 2977 2978 2979 2980 2981 2982 2983 2984 2985 2986 2987 2988 2989 2990 2991 2992
f 2929 2930 2962 2961
f 2930 2931 2963 2962
f 2931 2932 2964 2963
f 2932 2933 2965 2964
f 2933 2934 2966 2965
f 2934 2935 2967 2966
f 2935 2936 2968 2967
f 2936 2937 2969 2968
f 2937 2938 2970 2969
f 2938 2939 2971 2970
f 2939 2940 2972 2971
f 2940 2941 2973 2972
f 2941 2942 2974 2973
f 2942 2943 2975 2974
f 2943 2944 2976 2975
f 2944 2945 2977 2976
f 2945 2946 2978 2977
f 2946 2947 2979 2978
f 2947 2948 2980 2979
f 2948 2949 2981 2980
f 2949 2950 2982 2981
f 2950 2951 2983 2982
f 2951 2952 2984 2983
f 2952 2953 2985 2984
f 2953 2954 2986 2985
f 2954 2955 2987 2986
f 2955 2956 2988 2987
f 2956 2957 2989 2988
f 2957 2958 2990 2989
f 2958 2959 2991 2990
f 2959 2960 2992 2991
f 2960 2929 2961 2992
o 115_Metal_label
usemtl white
v 1.435000 -1.333000 0.340000
v 1.765000 -1.333000 0.340000
v 1.765000 -1.325000 0.340000
v 1.435000 -1.325000 0.340000
v 1.435000 -1.333000 0.500000
v 1.765000 -1.333000 0.500000
v 1.765000 -1.325000 0.500000
v 1.435000 -1.325000 0.500000
f 2996 2995 2994 2993
f 2997 2998 2999 3000
f 2993 2994 2998 2997
f 2994 2995 2999 2998
f 2995 2996 3000 2999
f 2996 2993 2997 3000
o 116_Organic_floor
usemtl brown
v 2.525000 -0.275000 0.000000
v 3.075000 -0.275000 0.000000
v 3.075000 0.275000 0.000000
v 2.525000 0.275000 0.000000
v 2.525000 -0.275000 0.050000
v 3.075000 -0.275000 0.050000
v 3.075000 0.275000 0.050000
v 2.525000 0.275000 0.050000
f 3004 3003 3002 3001
f 3005 3006 3007 3008
f 3001 3002 3006 3005
f 3002 3003 3007 3006
f 3003 3004 3008 3007
f 3004 3001 3005 3008
o 117_Organic_side
usemtl brown
v 2.525000 -0.275000 0.000000
v 2.555000 -0.275000 0.000000
v 2.555000 0.275000 0.000000
v 2.525000 0.275000 0.000000
v 2.525000 -0.275000 0.680000
v 2.555000 -0.275000 0.680000
v 2.555000 0.275000 0.680000
v 2.525000 0.275000 0.680000
f 3012 3011 3010 3009
f 3013 3014 3015 3016
f 3009 3010 3014 3013
f 3010 3011 3015 3014
f 3011 3012 3016 3015
f 3012 3009 3013 3016
o 118_Organic_side
usemtl brown
v 3.045000 -0.275000 0.000000
v 3.075000 -0.275000 0.000000
v 3.075000 0.275000 0.000000
v 3.045000 0.275000 0.000000
v 3.045000 -0.275000 0.680000
v 3.075000 -0.275000 0.680000
v 3.075000 0.275000 0.680000
v 3.045000 0.275000 0.680000
f 3020 3019 3018 3017
f 3021 3022 3023 3024
f 3017 3018 3022 3021
f 3018 3019 3023 3022
f 3019 3020 3024 3023
f 3020 3017 3021 3024
o 119_Organic_wall
usemtl brown
v 2.525000 -0.275000 0.000000
v 3.075000 -0.275000 0.000000
v 3.075000 -0.245000 0.000000
v 2.525000 -0.245000 0.000000
v 2.525000 -0.275000 0.680000
v 3.075000 -0.275000 0.680000
v 3.075000 -0.245000 0.680000
v 2.525000 -0.245000 0.680000
f 3028 3027 3026 3025
f 3029 3030 3031 3032
f 3025 3026 3030 3029
f 3026 3027 3031 3030
f 3027 3028 3032 3031
f 3028 3025 3029 3032
o 120_Organic_wall
usemtl brown
v 2.525000 0.245000 0.000000
v 3.075000 0.245000 0.000000
v 3.075000 0.275000 0.000000
v 2.525000 0.275000 0.000000
v 2.525000 0.245000 0.680000
v 3.075000 0.245000 0.680000
v 3.075000 0.275000 0.680000
v 2.525000 0.275000 0.680000
f 3036 3035 3034 3033
f 3037 3038 3039 3040
f 3033 3034 3038 3037
f 3034 3035 3039 3038
f 3035 3036 3040 3039
f 3036 3033 3037 3040
o 121_Organic_wheel
usemtl dark
v 2.595000 0.220000 0.000000
v 2.595000 0.235607 0.001537
v 2.595000 0.250615 0.006090
v 2.595000 0.264446 0.013482
v 2.595000 0.276569 0.023431
v 2.595000 0.286518 0.035554
v 2.595000 0.293910 0.049385
v 2.595000 0.298463 0.064393
v 2.595000 0.300000 0.080000
v 2.595000 0.298463 0.095607
v 2.595000 0.293910 0.110615
v 2.595000 0.286518 0.124446
v 2.595000 0.276569 0.136569
v 2.595000 0.264446 0.146518
v 2.595000 0.250615 0.153910
v 2.595000 0.235607 0.158463
v 2.595000 0.220000 0.160000
v 2.595000 0.204393 0.158463
v 2.595000 0.189385 0.153910
v 2.595000 0.175554 0.146518
v 2.595000 0.163431 0.136569
v 2.595000 0.153482 0.124446
v 2.595000 0.146090 0.110615
v 2.595000 0.141537 0.095607
v 2.595000 0.140000 0.080000
v 2.595000 0.141537 0.064393
v 2.595000 0.146090 0.049385
v 2.595000 0.153482 0.035554
v 2.595000 0.163431 0.023431
v 2.595000 0.175554 0.013482
v 2.595000 0.189385 0.006090
v 2.595000 0.204393 0.001537
v 2.645000 0.220000 0.000000
v 2.645000 0.235607 0.001537
v 2.645000 0.250615 0.006090
v 2.645000 0.264446 0.013482
v 2.645000 0.276569 0.023431
v 2.645000 0.286518 0.035554
v 2.645000 0.293910 0.049385
v 2.645000 0.298463 0.064393
v 2.645000 0.300000 0.080000
v 2.645000 0.298463 0.095607
v 2.645000 0.293910 0.110615
v 2.645000 0.286518 0.124446
v 2.645000 0.276569 0.136569
v 2.645000 0.264446 0.146518
v 2.645000 0.250615 0.153910
v 2.645000 0.235607 0.158463
v 2.645000 0.220000 0.160000
v 2.645000 0.204393 0.158463
v 2.645000 0.189385 0.153910
v 2.645000 0.175554 0.146518
v 2.645000 0.163431 0.136569
v 2.645000 0.153482 0.124446
v 2.645000 0.146090 0.110615
v 2.645000 0.141537 0.095607
v 2.645000 0.140000 0.080000
v 2.645000 0.141537 0.064393
v 2.645000 0.146090 0.049385
v 2.645000 0.153482 0.035554
v 2.645000 0.163431 0.023431
v 2.645000 0.175554 0.013482
v 2.645000 0.189385 0.006090
v 2.645000 0.204393 0.001537
f 3072 3071 3070 3069 3068 3067 3066 3065 3064 3063 3062 3061 3060 3059 3058 3057 3056 3055 3054 3053 3052 3051 3050 3049 3048 3047 3046 3045 3044 3043 3042 3041
f 3073 3074 3075 3076 3077 3078 3079 3080 3081 3082 3083 3084 3085 3086 3087 3088 3089 3090 3091 3092 3093 3094 3095 3096 3097 3098 3099 3100 3101 3102 3103 3104
f 3041 3042 3074 3073
f 3042 3043 3075 3074
f 3043 3044 3076 3075
f 3044 3045 3077 3076
f 3045 3046 3078 3077
f 3046 3047 3079 3078
f 3047 3048 3080 3079
f 3048 3049 3081 3080
f 3049 3050 3082 3081
f 3050 3051 3083 3082
f 3051 3052 3084 3083
f 3052 3053 3085 3084
f 3053 3054 3086 3085
f 3054 3055 3087 3086
f 3055 3056 3088 3087
f 3056 3057 3089 3088
f 3057 3058 3090 3089
f 3058 3059 3091 3090
f 3059 3060 3092 3091
f 3060 3061 3093 3092
f 3061 3062 3094 3093
f 3062 3063 3095 3094
f 3063 3064 3096 3095
f 3064 3065 3097 3096
f 3065 3066 3098 3097
f 3066 3067 3099 3098
f 3067 3068 3100 3099
f 3068 3069 3101 3100
f 3069 3070 3102 3101
f 3070 3071 3103 3102
f 3071 3072 3104 3103
f 3072 3041 3073 3104
o 122_Organic_wheel
usemtl dark
v 2.955000 0.220000 0.000000
v 2.955000 0.235607 0.001537
v 2.955000 0.250615 0.006090
v 2.955000 0.264446 0.013482
v 2.955000 0.276569 0.023431
v 2.955000 0.286518 0.035554
v 2.955000 0.293910 0.049385
v 2.955000 0.298463 0.064393
v 2.955000 0.300000 0.080000
v 2.955000 0.298463 0.095607
v 2.955000 0.293910 0.110615
v 2.955000 0.286518 0.124446
v 2.955000 0.276569 0.136569
v 2.955000 0.264446 0.146518
v 2.955000 0.250615 0.153910
v 2.955000 0.235607 0.158463
v 2.955000 0.220000 0.160000
v 2.955000 0.204393 0.158463
v 2.955000 0.189385 0.153910
v 2.955000 0.175554 0.146518
v 2.955000 0.163431 0.136569
v 2.955000 0.153482 0.124446
v 2.955000 0.146090 0.110615
v 2.955000 0.141537 0.095607
v 2.955000 0.140000 0.080000
v 2.955000 0.141537 0.064393
v 2.955000 0.146090 0.049385
v 2.955000 0.153482 0.035554
v 2.955000 0.163431 0.023431
v 2.955000 0.175554 0.013482
v 2.955000 0.189385 0.006090
v 2.955000 0.204393 0.001537
v 3.005000 0.220000 0.000000
v 3.005000 0.235607 0.001537
v 3.005000 0.250615 0.006090
v 3.005000 0.264446 0.013482
v 3.005000 0.276569 0.023431
v 3.005000 0.286518 0.035554
v 3.005000 0.293910 0.049385
v 3.005000 0.298463 0.064393
v 3.005000 0.300000 0.080000
v 3.005000 0.298463 0.095607
v 3.005000 0.293910 0.110615
v 3.005000 0.286518 0.124446
v 3.005000 0.276569 0.136569
v 3.005000 0.264446 0.146518
v 3.005000 0.250615 0.153910
v 3.005000 0.235607 0.158463
v 3.005000 0.220000 0.160000
v 3.005000 0.204393 0.158463
v 3.005000 0.189385 0.153910
v 3.005000 0.175554 0.146518
v 3.005000 0.163431 0.136569
v 3.005000 0.153482 0.124446
v 3.005000 0.146090 0.110615
v 3.005000 0.141537 0.095607
v 3.005000 0.140000 0.080000
v 3.005000 0.141537 0.064393
v 3.005000 0.146090 0.049385
v 3.005000 0.153482 0.035554
v 3.005000 0.163431 0.023431
v 3.005000 0.175554 0.013482
v 3.005000 0.189385 0.006090
v 3.005000 0.204393 0.001537
f 3136 3135 3134 3133 3132 3131 3130 3129 3128 3127 3126 3125 3124 3123 3122 3121 3120 3119 3118 3117 3116 3115 3114 3113 3112 3111 3110 3109 3108 3107 3106 3105
f 3137 3138 3139 3140 3141 3142 3143 3144 3145 3146 3147 3148 3149 3150 3151 3152 3153 3154 3155 3156 3157 3158 3159 3160 3161 3162 3163 3164 3165 3166 3167 3168
f 3105 3106 3138 3137
f 3106 3107 3139 3138
f 3107 3108 3140 3139
f 3108 3109 3141 3140
f 3109 3110 3142 3141
f 3110 3111 3143 3142
f 3111 3112 3144 3143
f 3112 3113 3145 3144
f 3113 3114 3146 3145
f 3114 3115 3147 3146
f 3115 3116 3148 3147
f 3116 3117 3149 3148
f 3117 3118 3150 3149
f 3118 3119 3151 3150
f 3119 3120 3152 3151
f 3120 3121 3153 3152
f 3121 3122 3154 3153
f 3122 3123 3155 3154
f 3123 3124 3156 3155
f 3124 3125 3157 3156
f 3125 3126 3158 3157
f 3126 3127 3159 3158
f 3127 3128 3160 3159
f 3128 3129 3161 3160
f 3129 3130 3162 3161
f 3130 3131 3163 3162
f 3131 3132 3164 3163
f 3132 3133 3165 3164
f 3133 3134 3166 3165
f 3134 3135 3167 3166
f 3135 3136 3168 3167
f 3136 3105 3137 3168
o 123_Organic_label
usemtl white
v 2.635000 -0.283000 0.340000
v 2.965000 -0.283000 0.340000
v 2.965000 -0.275000 0.340000
v 2.635000 -0.275000 0.340000
v 2.635000 -0.283000 0.500000
v 2.965000 -0.283000 0.500000
v 2.965000 -0.275000 0.500000
v 2.635000 -0.275000 0.500000
f 3172 3171 3170 3169
f 3173 3174 3175 3176
f 3169 3170 3174 3173
f 3170 3171 3175 3174
f 3171 3172 3176 3175
f 3172 3169 3173 3176
o 124_Unknown_floor
usemtl red
v 2.225000 0.725000 0.000000
v 2.775000 0.725000 0.000000
v 2.775000 1.275000 0.000000
v 2.225000 1.275000 0.000000
v 2.225000 0.725000 0.050000
v 2.775000 0.725000 0.050000
v 2.775000 1.275000 0.050000
v 2.225000 1.275000 0.050000
f 3180 3179 3178 3177
f 3181 3182 3183 3184
f 3177 3178 3182 3181
f 3178 3179 3183 3182
f 3179 3180 3184 3183
f 3180 3177 3181 3184
o 125_Unknown_side
usemtl red
v 2.225000 0.725000 0.000000
v 2.255000 0.725000 0.000000
v 2.255000 1.275000 0.000000
v 2.225000 1.275000 0.000000
v 2.225000 0.725000 0.680000
v 2.255000 0.725000 0.680000
v 2.255000 1.275000 0.680000
v 2.225000 1.275000 0.680000
f 3188 3187 3186 3185
f 3189 3190 3191 3192
f 3185 3186 3190 3189
f 3186 3187 3191 3190
f 3187 3188 3192 3191
f 3188 3185 3189 3192
o 126_Unknown_side
usemtl red
v 2.745000 0.725000 0.000000
v 2.775000 0.725000 0.000000
v 2.775000 1.275000 0.000000
v 2.745000 1.275000 0.000000
v 2.745000 0.725000 0.680000
v 2.775000 0.725000 0.680000
v 2.775000 1.275000 0.680000
v 2.745000 1.275000 0.680000
f 3196 3195 3194 3193
f 3197 3198 3199 3200
f 3193 3194 3198 3197
f 3194 3195 3199 3198
f 3195 3196 3200 3199
f 3196 3193 3197 3200
o 127_Unknown_wall
usemtl red
v 2.225000 0.725000 0.000000
v 2.775000 0.725000 0.000000
v 2.775000 0.755000 0.000000
v 2.225000 0.755000 0.000000
v 2.225000 0.725000 0.680000
v 2.775000 0.725000 0.680000
v 2.775000 0.755000 0.680000
v 2.225000 0.755000 0.680000
f 3204 3203 3202 3201
f 3205 3206 3207 3208
f 3201 3202 3206 3205
f 3202 3203 3207 3206
f 3203 3204 3208 3207
f 3204 3201 3205 3208
o 128_Unknown_wall
usemtl red
v 2.225000 1.245000 0.000000
v 2.775000 1.245000 0.000000
v 2.775000 1.275000 0.000000
v 2.225000 1.275000 0.000000
v 2.225000 1.245000 0.680000
v 2.775000 1.245000 0.680000
v 2.775000 1.275000 0.680000
v 2.225000 1.275000 0.680000
f 3212 3211 3210 3209
f 3213 3214 3215 3216
f 3209 3210 3214 3213
f 3210 3211 3215 3214
f 3211 3212 3216 3215
f 3212 3209 3213 3216
o 129_Unknown_wheel
usemtl dark
v 2.295000 1.220000 0.000000
v 2.295000 1.235607 0.001537
v 2.295000 1.250615 0.006090
v 2.295000 1.264446 0.013482
v 2.295000 1.276569 0.023431
v 2.295000 1.286518 0.035554
v 2.295000 1.293910 0.049385
v 2.295000 1.298463 0.064393
v 2.295000 1.300000 0.080000
v 2.295000 1.298463 0.095607
v 2.295000 1.293910 0.110615
v 2.295000 1.286518 0.124446
v 2.295000 1.276569 0.136569
v 2.295000 1.264446 0.146518
v 2.295000 1.250615 0.153910
v 2.295000 1.235607 0.158463
v 2.295000 1.220000 0.160000
v 2.295000 1.204393 0.158463
v 2.295000 1.189385 0.153910
v 2.295000 1.175554 0.146518
v 2.295000 1.163431 0.136569
v 2.295000 1.153482 0.124446
v 2.295000 1.146090 0.110615
v 2.295000 1.141537 0.095607
v 2.295000 1.140000 0.080000
v 2.295000 1.141537 0.064393
v 2.295000 1.146090 0.049385
v 2.295000 1.153482 0.035554
v 2.295000 1.163431 0.023431
v 2.295000 1.175554 0.013482
v 2.295000 1.189385 0.006090
v 2.295000 1.204393 0.001537
v 2.345000 1.220000 0.000000
v 2.345000 1.235607 0.001537
v 2.345000 1.250615 0.006090
v 2.345000 1.264446 0.013482
v 2.345000 1.276569 0.023431
v 2.345000 1.286518 0.035554
v 2.345000 1.293910 0.049385
v 2.345000 1.298463 0.064393
v 2.345000 1.300000 0.080000
v 2.345000 1.298463 0.095607
v 2.345000 1.293910 0.110615
v 2.345000 1.286518 0.124446
v 2.345000 1.276569 0.136569
v 2.345000 1.264446 0.146518
v 2.345000 1.250615 0.153910
v 2.345000 1.235607 0.158463
v 2.345000 1.220000 0.160000
v 2.345000 1.204393 0.158463
v 2.345000 1.189385 0.153910
v 2.345000 1.175554 0.146518
v 2.345000 1.163431 0.136569
v 2.345000 1.153482 0.124446
v 2.345000 1.146090 0.110615
v 2.345000 1.141537 0.095607
v 2.345000 1.140000 0.080000
v 2.345000 1.141537 0.064393
v 2.345000 1.146090 0.049385
v 2.345000 1.153482 0.035554
v 2.345000 1.163431 0.023431
v 2.345000 1.175554 0.013482
v 2.345000 1.189385 0.006090
v 2.345000 1.204393 0.001537
f 3248 3247 3246 3245 3244 3243 3242 3241 3240 3239 3238 3237 3236 3235 3234 3233 3232 3231 3230 3229 3228 3227 3226 3225 3224 3223 3222 3221 3220 3219 3218 3217
f 3249 3250 3251 3252 3253 3254 3255 3256 3257 3258 3259 3260 3261 3262 3263 3264 3265 3266 3267 3268 3269 3270 3271 3272 3273 3274 3275 3276 3277 3278 3279 3280
f 3217 3218 3250 3249
f 3218 3219 3251 3250
f 3219 3220 3252 3251
f 3220 3221 3253 3252
f 3221 3222 3254 3253
f 3222 3223 3255 3254
f 3223 3224 3256 3255
f 3224 3225 3257 3256
f 3225 3226 3258 3257
f 3226 3227 3259 3258
f 3227 3228 3260 3259
f 3228 3229 3261 3260
f 3229 3230 3262 3261
f 3230 3231 3263 3262
f 3231 3232 3264 3263
f 3232 3233 3265 3264
f 3233 3234 3266 3265
f 3234 3235 3267 3266
f 3235 3236 3268 3267
f 3236 3237 3269 3268
f 3237 3238 3270 3269
f 3238 3239 3271 3270
f 3239 3240 3272 3271
f 3240 3241 3273 3272
f 3241 3242 3274 3273
f 3242 3243 3275 3274
f 3243 3244 3276 3275
f 3244 3245 3277 3276
f 3245 3246 3278 3277
f 3246 3247 3279 3278
f 3247 3248 3280 3279
f 3248 3217 3249 3280
o 130_Unknown_wheel
usemtl dark
v 2.655000 1.220000 0.000000
v 2.655000 1.235607 0.001537
v 2.655000 1.250615 0.006090
v 2.655000 1.264446 0.013482
v 2.655000 1.276569 0.023431
v 2.655000 1.286518 0.035554
v 2.655000 1.293910 0.049385
v 2.655000 1.298463 0.064393
v 2.655000 1.300000 0.080000
v 2.655000 1.298463 0.095607
v 2.655000 1.293910 0.110615
v 2.655000 1.286518 0.124446
v 2.655000 1.276569 0.136569
v 2.655000 1.264446 0.146518
v 2.655000 1.250615 0.153910
v 2.655000 1.235607 0.158463
v 2.655000 1.220000 0.160000
v 2.655000 1.204393 0.158463
v 2.655000 1.189385 0.153910
v 2.655000 1.175554 0.146518
v 2.655000 1.163431 0.136569
v 2.655000 1.153482 0.124446
v 2.655000 1.146090 0.110615
v 2.655000 1.141537 0.095607
v 2.655000 1.140000 0.080000
v 2.655000 1.141537 0.064393
v 2.655000 1.146090 0.049385
v 2.655000 1.153482 0.035554
v 2.655000 1.163431 0.023431
v 2.655000 1.175554 0.013482
v 2.655000 1.189385 0.006090
v 2.655000 1.204393 0.001537
v 2.705000 1.220000 0.000000
v 2.705000 1.235607 0.001537
v 2.705000 1.250615 0.006090
v 2.705000 1.264446 0.013482
v 2.705000 1.276569 0.023431
v 2.705000 1.286518 0.035554
v 2.705000 1.293910 0.049385
v 2.705000 1.298463 0.064393
v 2.705000 1.300000 0.080000
v 2.705000 1.298463 0.095607
v 2.705000 1.293910 0.110615
v 2.705000 1.286518 0.124446
v 2.705000 1.276569 0.136569
v 2.705000 1.264446 0.146518
v 2.705000 1.250615 0.153910
v 2.705000 1.235607 0.158463
v 2.705000 1.220000 0.160000
v 2.705000 1.204393 0.158463
v 2.705000 1.189385 0.153910
v 2.705000 1.175554 0.146518
v 2.705000 1.163431 0.136569
v 2.705000 1.153482 0.124446
v 2.705000 1.146090 0.110615
v 2.705000 1.141537 0.095607
v 2.705000 1.140000 0.080000
v 2.705000 1.141537 0.064393
v 2.705000 1.146090 0.049385
v 2.705000 1.153482 0.035554
v 2.705000 1.163431 0.023431
v 2.705000 1.175554 0.013482
v 2.705000 1.189385 0.006090
v 2.705000 1.204393 0.001537
f 3312 3311 3310 3309 3308 3307 3306 3305 3304 3303 3302 3301 3300 3299 3298 3297 3296 3295 3294 3293 3292 3291 3290 3289 3288 3287 3286 3285 3284 3283 3282 3281
f 3313 3314 3315 3316 3317 3318 3319 3320 3321 3322 3323 3324 3325 3326 3327 3328 3329 3330 3331 3332 3333 3334 3335 3336 3337 3338 3339 3340 3341 3342 3343 3344
f 3281 3282 3314 3313
f 3282 3283 3315 3314
f 3283 3284 3316 3315
f 3284 3285 3317 3316
f 3285 3286 3318 3317
f 3286 3287 3319 3318
f 3287 3288 3320 3319
f 3288 3289 3321 3320
f 3289 3290 3322 3321
f 3290 3291 3323 3322
f 3291 3292 3324 3323
f 3292 3293 3325 3324
f 3293 3294 3326 3325
f 3294 3295 3327 3326
f 3295 3296 3328 3327
f 3296 3297 3329 3328
f 3297 3298 3330 3329
f 3298 3299 3331 3330
f 3299 3300 3332 3331
f 3300 3301 3333 3332
f 3301 3302 3334 3333
f 3302 3303 3335 3334
f 3303 3304 3336 3335
f 3304 3305 3337 3336
f 3305 3306 3338 3337
f 3306 3307 3339 3338
f 3307 3308 3340 3339
f 3308 3309 3341 3340
f 3309 3310 3342 3341
f 3310 3311 3343 3342
f 3311 3312 3344 3343
f 3312 3281 3313 3344
o 131_Unknown_label
usemtl white
v 2.335000 0.717000 0.340000
v 2.665000 0.717000 0.340000
v 2.665000 0.725000 0.340000
v 2.335000 0.725000 0.340000
v 2.335000 0.717000 0.500000
v 2.665000 0.717000 0.500000
v 2.665000 0.725000 0.500000
v 2.335000 0.725000 0.500000
f 3348 3347 3346 3345
f 3349 3350 3351 3352
f 3345 3346 3350 3349
f 3346 3347 3351 3350
f 3347 3348 3352 3351
f 3348 3345 3349 3352
o 132_Exit_chute
usemtl steel
v 2.253678 -0.345000 0.801607
v 2.748924 -0.345000 0.562376
v 2.748924 0.345000 0.562376
v 2.253678 0.345000 0.801607
v 2.271076 -0.345000 0.837624
v 2.766322 -0.345000 0.598393
v 2.766322 0.345000 0.598393
v 2.271076 0.345000 0.837624
f 3356 3355 3354 3353
f 3357 3358 3359 3360
f 3353 3354 3358 3357
f 3354 3355 3359 3358
f 3355 3356 3360 3359
f 3356 3353 3357 3360
o 133_Chute_rail
usemtl steel
v 2.234104 -0.377500 0.821086
v 2.729350 -0.377500 0.581855
v 2.729350 -0.342500 0.581855
v 2.234104 -0.342500 0.821086
v 2.290650 -0.377500 0.938145
v 2.785896 -0.377500 0.698914
v 2.785896 -0.342500 0.698914
v 2.290650 -0.342500 0.938145
f 3364 3363 3362 3361
f 3365 3366 3367 3368
f 3361 3362 3366 3365
f 3362 3363 3367 3366
f 3363 3364 3368 3367
f 3364 3361 3365 3368
o 134_Chute_rail
usemtl steel
v 2.234104 0.342500 0.821086
v 2.729350 0.342500 0.581855
v 2.729350 0.377500 0.581855
v 2.234104 0.377500 0.821086
v 2.290650 0.342500 0.938145
v 2.785896 0.342500 0.698914
v 2.785896 0.377500 0.698914
v 2.290650 0.377500 0.938145
f 3372 3371 3370 3369
f 3373 3374 3375 3376
f 3369 3370 3374 3373
f 3370 3371 3375 3374
f 3371 3372 3376 3375
f 3372 3369 3373 3376
o 135_Cabinet
usemtl white
v -0.860000 0.975000 0.000000
v -0.240000 0.975000 0.000000
v -0.240000 1.325000 0.000000
v -0.860000 1.325000 0.000000
v -0.860000 0.975000 1.100000
v -0.240000 0.975000 1.100000
v -0.240000 1.325000 1.100000
v -0.860000 1.325000 1.100000
f 3380 3379 3378 3377
f 3381 3382 3383 3384
f 3377 3378 3382 3381
f 3378 3379 3383 3382
f 3379 3380 3384 3383
f 3380 3377 3381 3384
o 136_Door
usemtl steel
v -0.825000 0.954000 0.160000
v -0.275000 0.954000 0.160000
v -0.275000 0.976000 0.160000
v -0.825000 0.976000 0.160000
v -0.825000 0.954000 1.020000
v -0.275000 0.954000 1.020000
v -0.275000 0.976000 1.020000
v -0.825000 0.976000 1.020000
f 3388 3387 3386 3385
f 3389 3390 3391 3392
f 3385 3386 3390 3389
f 3386 3387 3391 3390
f 3387 3388 3392 3391
f 3388 3385 3389 3392
o 137_Display
usemtl dark
v -0.700000 0.940000 0.720000
v -0.400000 0.940000 0.720000
v -0.400000 0.952000 0.720000
v -0.700000 0.952000 0.720000
v -0.700000 0.940000 0.900000
v -0.400000 0.940000 0.900000
v -0.400000 0.952000 0.900000
v -0.700000 0.952000 0.900000
f 3396 3395 3394 3393
f 3397 3398 3399 3400
f 3393 3394 3398 3397
f 3394 3395 3399 3398
f 3395 3396 3400 3399
f 3396 3393 3397 3400
o 138_LCD
usemtl blue
v -0.680000 0.932000 0.740000
v -0.420000 0.932000 0.740000
v -0.420000 0.940000 0.740000
v -0.680000 0.940000 0.740000
v -0.680000 0.932000 0.880000
v -0.420000 0.932000 0.880000
v -0.420000 0.940000 0.880000
v -0.680000 0.940000 0.880000
f 3404 3403 3402 3401
f 3405 3406 3407 3408
f 3401 3402 3406 3405
f 3402 3403 3407 3406
f 3403 3404 3408 3407
f 3404 3401 3405 3408
o 139_Status_light
usemtl green
v -0.675000 0.946000 0.570000
v -0.675480 0.946000 0.574877
v -0.676903 0.946000 0.579567
v -0.679213 0.946000 0.583889
v -0.682322 0.946000 0.587678
v -0.686111 0.946000 0.590787
v -0.690433 0.946000 0.593097
v -0.695123 0.946000 0.594520
v -0.700000 0.946000 0.595000
v -0.704877 0.946000 0.594520
v -0.709567 0.946000 0.593097
v -0.713889 0.946000 0.590787
v -0.717678 0.946000 0.587678
v -0.720787 0.946000 0.583889
v -0.723097 0.946000 0.579567
v -0.724520 0.946000 0.574877
v -0.725000 0.946000 0.570000
v -0.724520 0.946000 0.565123
v -0.723097 0.946000 0.560433
v -0.720787 0.946000 0.556111
v -0.717678 0.946000 0.552322
v -0.713889 0.946000 0.549213
v -0.709567 0.946000 0.546903
v -0.704877 0.946000 0.545480
v -0.700000 0.946000 0.545000
v -0.695123 0.946000 0.545480
v -0.690433 0.946000 0.546903
v -0.686111 0.946000 0.549213
v -0.682322 0.946000 0.552322
v -0.679213 0.946000 0.556111
v -0.676903 0.946000 0.560433
v -0.675480 0.946000 0.565123
v -0.675000 0.926000 0.570000
v -0.675480 0.926000 0.574877
v -0.676903 0.926000 0.579567
v -0.679213 0.926000 0.583889
v -0.682322 0.926000 0.587678
v -0.686111 0.926000 0.590787
v -0.690433 0.926000 0.593097
v -0.695123 0.926000 0.594520
v -0.700000 0.926000 0.595000
v -0.704877 0.926000 0.594520
v -0.709567 0.926000 0.593097
v -0.713889 0.926000 0.590787
v -0.717678 0.926000 0.587678
v -0.720787 0.926000 0.583889
v -0.723097 0.926000 0.579567
v -0.724520 0.926000 0.574877
v -0.725000 0.926000 0.570000
v -0.724520 0.926000 0.565123
v -0.723097 0.926000 0.560433
v -0.720787 0.926000 0.556111
v -0.717678 0.926000 0.552322
v -0.713889 0.926000 0.549213
v -0.709567 0.926000 0.546903
v -0.704877 0.926000 0.545480
v -0.700000 0.926000 0.545000
v -0.695123 0.926000 0.545480
v -0.690433 0.926000 0.546903
v -0.686111 0.926000 0.549213
v -0.682322 0.926000 0.552322
v -0.679213 0.926000 0.556111
v -0.676903 0.926000 0.560433
v -0.675480 0.926000 0.565123
f 3440 3439 3438 3437 3436 3435 3434 3433 3432 3431 3430 3429 3428 3427 3426 3425 3424 3423 3422 3421 3420 3419 3418 3417 3416 3415 3414 3413 3412 3411 3410 3409
f 3441 3442 3443 3444 3445 3446 3447 3448 3449 3450 3451 3452 3453 3454 3455 3456 3457 3458 3459 3460 3461 3462 3463 3464 3465 3466 3467 3468 3469 3470 3471 3472
f 3409 3410 3442 3441
f 3410 3411 3443 3442
f 3411 3412 3444 3443
f 3412 3413 3445 3444
f 3413 3414 3446 3445
f 3414 3415 3447 3446
f 3415 3416 3448 3447
f 3416 3417 3449 3448
f 3417 3418 3450 3449
f 3418 3419 3451 3450
f 3419 3420 3452 3451
f 3420 3421 3453 3452
f 3421 3422 3454 3453
f 3422 3423 3455 3454
f 3423 3424 3456 3455
f 3424 3425 3457 3456
f 3425 3426 3458 3457
f 3426 3427 3459 3458
f 3427 3428 3460 3459
f 3428 3429 3461 3460
f 3429 3430 3462 3461
f 3430 3431 3463 3462
f 3431 3432 3464 3463
f 3432 3433 3465 3464
f 3433 3434 3466 3465
f 3434 3435 3467 3466
f 3435 3436 3468 3467
f 3436 3437 3469 3468
f 3437 3438 3470 3469
f 3438 3439 3471 3470
f 3439 3440 3472 3471
f 3440 3409 3441 3472
o 140_Status_light
usemtl yellow
v -0.525000 0.946000 0.570000
v -0.525480 0.946000 0.574877
v -0.526903 0.946000 0.579567
v -0.529213 0.946000 0.583889
v -0.532322 0.946000 0.587678
v -0.536111 0.946000 0.590787
v -0.540433 0.946000 0.593097
v -0.545123 0.946000 0.594520
v -0.550000 0.946000 0.595000
v -0.554877 0.946000 0.594520
v -0.559567 0.946000 0.593097
v -0.563889 0.946000 0.590787
v -0.567678 0.946000 0.587678
v -0.570787 0.946000 0.583889
v -0.573097 0.946000 0.579567
v -0.574520 0.946000 0.574877
v -0.575000 0.946000 0.570000
v -0.574520 0.946000 0.565123
v -0.573097 0.946000 0.560433
v -0.570787 0.946000 0.556111
v -0.567678 0.946000 0.552322
v -0.563889 0.946000 0.549213
v -0.559567 0.946000 0.546903
v -0.554877 0.946000 0.545480
v -0.550000 0.946000 0.545000
v -0.545123 0.946000 0.545480
v -0.540433 0.946000 0.546903
v -0.536111 0.946000 0.549213
v -0.532322 0.946000 0.552322
v -0.529213 0.946000 0.556111
v -0.526903 0.946000 0.560433
v -0.525480 0.946000 0.565123
v -0.525000 0.926000 0.570000
v -0.525480 0.926000 0.574877
v -0.526903 0.926000 0.579567
v -0.529213 0.926000 0.583889
v -0.532322 0.926000 0.587678
v -0.536111 0.926000 0.590787
v -0.540433 0.926000 0.593097
v -0.545123 0.926000 0.594520
v -0.550000 0.926000 0.595000
v -0.554877 0.926000 0.594520
v -0.559567 0.926000 0.593097
v -0.563889 0.926000 0.590787
v -0.567678 0.926000 0.587678
v -0.570787 0.926000 0.583889
v -0.573097 0.926000 0.579567
v -0.574520 0.926000 0.574877
v -0.575000 0.926000 0.570000
v -0.574520 0.926000 0.565123
v -0.573097 0.926000 0.560433
v -0.570787 0.926000 0.556111
v -0.567678 0.926000 0.552322
v -0.563889 0.926000 0.549213
v -0.559567 0.926000 0.546903
v -0.554877 0.926000 0.545480
v -0.550000 0.926000 0.545000
v -0.545123 0.926000 0.545480
v -0.540433 0.926000 0.546903
v -0.536111 0.926000 0.549213
v -0.532322 0.926000 0.552322
v -0.529213 0.926000 0.556111
v -0.526903 0.926000 0.560433
v -0.525480 0.926000 0.565123
f 3504 3503 3502 3501 3500 3499 3498 3497 3496 3495 3494 3493 3492 3491 3490 3489 3488 3487 3486 3485 3484 3483 3482 3481 3480 3479 3478 3477 3476 3475 3474 3473
f 3505 3506 3507 3508 3509 3510 3511 3512 3513 3514 3515 3516 3517 3518 3519 3520 3521 3522 3523 3524 3525 3526 3527 3528 3529 3530 3531 3532 3533 3534 3535 3536
f 3473 3474 3506 3505
f 3474 3475 3507 3506
f 3475 3476 3508 3507
f 3476 3477 3509 3508
f 3477 3478 3510 3509
f 3478 3479 3511 3510
f 3479 3480 3512 3511
f 3480 3481 3513 3512
f 3481 3482 3514 3513
f 3482 3483 3515 3514
f 3483 3484 3516 3515
f 3484 3485 3517 3516
f 3485 3486 3518 3517
f 3486 3487 3519 3518
f 3487 3488 3520 3519
f 3488 3489 3521 3520
f 3489 3490 3522 3521
f 3490 3491 3523 3522
f 3491 3492 3524 3523
f 3492 3493 3525 3524
f 3493 3494 3526 3525
f 3494 3495 3527 3526
f 3495 3496 3528 3527
f 3496 3497 3529 3528
f 3497 3498 3530 3529
f 3498 3499 3531 3530
f 3499 3500 3532 3531
f 3500 3501 3533 3532
f 3501 3502 3534 3533
f 3502 3503 3535 3534
f 3503 3504 3536 3535
f 3504 3473 3505 3536
o 141_Status_light
usemtl red
v -0.375000 0.946000 0.570000
v -0.375480 0.946000 0.574877
v -0.376903 0.946000 0.579567
v -0.379213 0.946000 0.583889
v -0.382322 0.946000 0.587678
v -0.386111 0.946000 0.590787
v -0.390433 0.946000 0.593097
v -0.395123 0.946000 0.594520
v -0.400000 0.946000 0.595000
v -0.404877 0.946000 0.594520
v -0.409567 0.946000 0.593097
v -0.413889 0.946000 0.590787
v -0.417678 0.946000 0.587678
v -0.420787 0.946000 0.583889
v -0.423097 0.946000 0.579567
v -0.424520 0.946000 0.574877
v -0.425000 0.946000 0.570000
v -0.424520 0.946000 0.565123
v -0.423097 0.946000 0.560433
v -0.420787 0.946000 0.556111
v -0.417678 0.946000 0.552322
v -0.413889 0.946000 0.549213
v -0.409567 0.946000 0.546903
v -0.404877 0.946000 0.545480
v -0.400000 0.946000 0.545000
v -0.395123 0.946000 0.545480
v -0.390433 0.946000 0.546903
v -0.386111 0.946000 0.549213
v -0.382322 0.946000 0.552322
v -0.379213 0.946000 0.556111
v -0.376903 0.946000 0.560433
v -0.375480 0.946000 0.565123
v -0.375000 0.926000 0.570000
v -0.375480 0.926000 0.574877
v -0.376903 0.926000 0.579567
v -0.379213 0.926000 0.583889
v -0.382322 0.926000 0.587678
v -0.386111 0.926000 0.590787
v -0.390433 0.926000 0.593097
v -0.395123 0.926000 0.594520
v -0.400000 0.926000 0.595000
v -0.404877 0.926000 0.594520
v -0.409567 0.926000 0.593097
v -0.413889 0.926000 0.590787
v -0.417678 0.926000 0.587678
v -0.420787 0.926000 0.583889
v -0.423097 0.926000 0.579567
v -0.424520 0.926000 0.574877
v -0.425000 0.926000 0.570000
v -0.424520 0.926000 0.565123
v -0.423097 0.926000 0.560433
v -0.420787 0.926000 0.556111
v -0.417678 0.926000 0.552322
v -0.413889 0.926000 0.549213
v -0.409567 0.926000 0.546903
v -0.404877 0.926000 0.545480
v -0.400000 0.926000 0.545000
v -0.395123 0.926000 0.545480
v -0.390433 0.926000 0.546903
v -0.386111 0.926000 0.549213
v -0.382322 0.926000 0.552322
v -0.379213 0.926000 0.556111
v -0.376903 0.926000 0.560433
v -0.375480 0.926000 0.565123
f 3568 3567 3566 3565 3564 3563 3562 3561 3560 3559 3558 3557 3556 3555 3554 3553 3552 3551 3550 3549 3548 3547 3546 3545 3544 3543 3542 3541 3540 3539 3538 3537
f 3569 3570 3571 3572 3573 3574 3575 3576 3577 3578 3579 3580 3581 3582 3583 3584 3585 3586 3587 3588 3589 3590 3591 3592 3593 3594 3595 3596 3597 3598 3599 3600
f 3537 3538 3570 3569
f 3538 3539 3571 3570
f 3539 3540 3572 3571
f 3540 3541 3573 3572
f 3541 3542 3574 3573
f 3542 3543 3575 3574
f 3543 3544 3576 3575
f 3544 3545 3577 3576
f 3545 3546 3578 3577
f 3546 3547 3579 3578
f 3547 3548 3580 3579
f 3548 3549 3581 3580
f 3549 3550 3582 3581
f 3550 3551 3583 3582
f 3551 3552 3584 3583
f 3552 3553 3585 3584
f 3553 3554 3586 3585
f 3554 3555 3587 3586
f 3555 3556 3588 3587
f 3556 3557 3589 3588
f 3557 3558 3590 3589
f 3558 3559 3591 3590
f 3559 3560 3592 3591
f 3560 3561 3593 3592
f 3561 3562 3594 3593
f 3562 3563 3595 3594
f 3563 3564 3596 3595
f 3564 3565 3597 3596
f 3565 3566 3598 3597
f 3566 3567 3599 3598
f 3567 3568 3600 3599
f 3568 3537 3569 3600
o 142_PCB
usemtl pcb
v -0.660000 1.095000 1.142000
v -0.440000 1.095000 1.142000
v -0.440000 1.225000 1.142000
v -0.660000 1.225000 1.142000
v -0.660000 1.095000 1.158000
v -0.440000 1.095000 1.158000
v -0.440000 1.225000 1.158000
v -0.660000 1.225000 1.158000
f 3604 3603 3602 3601
f 3605 3606 3607 3608
f 3601 3602 3606 3605
f 3602 3603 3607 3606
f 3603 3604 3608 3607
f 3604 3601 3605 3608
o 143_ESP32_shield
usemtl steel
v -0.615000 1.120000 1.161000
v -0.545000 1.120000 1.161000
v -0.545000 1.200000 1.161000
v -0.615000 1.200000 1.161000
v -0.615000 1.120000 1.179000
v -0.545000 1.120000 1.179000
v -0.545000 1.200000 1.179000
v -0.615000 1.200000 1.179000
f 3612 3611 3610 3609
f 3613 3614 3615 3616
f 3609 3610 3614 3613
f 3610 3611 3615 3614
f 3611 3612 3616 3615
f 3612 3609 3613 3616
o 144_USB_port
usemtl steel
v -0.470000 1.140000 1.161000
v -0.430000 1.140000 1.161000
v -0.430000 1.180000 1.161000
v -0.470000 1.180000 1.161000
v -0.470000 1.140000 1.179000
v -0.430000 1.140000 1.179000
v -0.430000 1.180000 1.179000
v -0.470000 1.180000 1.179000
f 3620 3619 3618 3617
f 3621 3622 3623 3624
f 3617 3618 3622 3621
f 3618 3619 3623 3622
f 3619 3620 3624 3623
f 3620 3617 3621 3624
o 145_Header_pin
usemtl yellow
v -0.644000 1.107000 1.165000
v -0.636000 1.107000 1.165000
v -0.636000 1.113000 1.165000
v -0.644000 1.113000 1.165000
v -0.644000 1.107000 1.189000
v -0.636000 1.107000 1.189000
v -0.636000 1.113000 1.189000
v -0.644000 1.113000 1.189000
f 3628 3627 3626 3625
f 3629 3630 3631 3632
f 3625 3626 3630 3629
f 3626 3627 3631 3630
f 3627 3628 3632 3631
f 3628 3625 3629 3632
o 146_Header_pin
usemtl yellow
v -0.644000 1.121000 1.165000
v -0.636000 1.121000 1.165000
v -0.636000 1.127000 1.165000
v -0.644000 1.127000 1.165000
v -0.644000 1.121000 1.189000
v -0.636000 1.121000 1.189000
v -0.636000 1.127000 1.189000
v -0.644000 1.127000 1.189000
f 3636 3635 3634 3633
f 3637 3638 3639 3640
f 3633 3634 3638 3637
f 3634 3635 3639 3638
f 3635 3636 3640 3639
f 3636 3633 3637 3640
o 147_Header_pin
usemtl yellow
v -0.644000 1.135000 1.165000
v -0.636000 1.135000 1.165000
v -0.636000 1.141000 1.165000
v -0.644000 1.141000 1.165000
v -0.644000 1.135000 1.189000
v -0.636000 1.135000 1.189000
v -0.636000 1.141000 1.189000
v -0.644000 1.141000 1.189000
f 3644 3643 3642 3641
f 3645 3646 3647 3648
f 3641 3642 3646 3645
f 3642 3643 3647 3646
f 3643 3644 3648 3647
f 3644 3641 3645 3648
o 148_Header_pin
usemtl yellow
v -0.644000 1.149000 1.165000
v -0.636000 1.149000 1.165000
v -0.636000 1.155000 1.165000
v -0.644000 1.155000 1.165000
v -0.644000 1.149000 1.189000
v -0.636000 1.149000 1.189000
v -0.636000 1.155000 1.189000
v -0.644000 1.155000 1.189000
f 3652 3651 3650 3649
f 3653 3654 3655 3656
f 3649 3650 3654 3653
f 3650 3651 3655 3654
f 3651 3652 3656 3655
f 3652 3649 3653 3656
o 149_Header_pin
usemtl yellow
v -0.644000 1.163000 1.165000
v -0.636000 1.163000 1.165000
v -0.636000 1.169000 1.165000
v -0.644000 1.169000 1.165000
v -0.644000 1.163000 1.189000
v -0.636000 1.163000 1.189000
v -0.636000 1.169000 1.189000
v -0.644000 1.169000 1.189000
f 3660 3659 3658 3657
f 3661 3662 3663 3664
f 3657 3658 3662 3661
f 3658 3659 3663 3662
f 3659 3660 3664 3663
f 3660 3657 3661 3664
o 150_Header_pin
usemtl yellow
v -0.644000 1.177000 1.165000
v -0.636000 1.177000 1.165000
v -0.636000 1.183000 1.165000
v -0.644000 1.183000 1.165000
v -0.644000 1.177000 1.189000
v -0.636000 1.177000 1.189000
v -0.636000 1.183000 1.189000
v -0.644000 1.183000 1.189000
f 3668 3667 3666 3665
f 3669 3670 3671 3672
f 3665 3666 3670 3669
f 3666 3667 3671 3670
f 3667 3668 3672 3671
f 3668 3665 3669 3672
o 151_Header_pin
usemtl yellow
v -0.644000 1.191000 1.165000
v -0.636000 1.191000 1.165000
v -0.636000 1.197000 1.165000
v -0.644000 1.197000 1.165000
v -0.644000 1.191000 1.189000
v -0.636000 1.191000 1.189000
v -0.636000 1.197000 1.189000
v -0.644000 1.197000 1.189000
f 3676 3675 3674 3673
f 3677 3678 3679 3680
f 3673 3674 3678 3677
f 3674 3675 3679 3678
f 3675 3676 3680 3679
f 3676 3673 3677 3680
o 152_Header_pin
usemtl yellow
v -0.644000 1.205000 1.165000
v -0.636000 1.205000 1.165000
v -0.636000 1.211000 1.165000
v -0.644000 1.211000 1.165000
v -0.644000 1.205000 1.189000
v -0.636000 1.205000 1.189000
v -0.636000 1.211000 1.189000
v -0.644000 1.211000 1.189000
f 3684 3683 3682 3681
f 3685 3686 3687 3688
f 3681 3682 3686 3685
f 3682 3683 3687 3686
f 3683 3684 3688 3687
f 3684 3681 3685 3688
o 153_Header_pin
usemtl yellow
v -0.464000 1.107000 1.165000
v -0.456000 1.107000 1.165000
v -0.456000 1.113000 1.165000
v -0.464000 1.113000 1.165000
v -0.464000 1.107000 1.189000
v -0.456000 1.107000 1.189000
v -0.456000 1.113000 1.189000
v -0.464000 1.113000 1.189000
f 3692 3691 3690 3689
f 3693 3694 3695 3696
f 3689 3690 3694 3693
f 3690 3691 3695 3694
f 3691 3692 3696 3695
f 3692 3689 3693 3696
o 154_Header_pin
usemtl yellow
v -0.464000 1.121000 1.165000
v -0.456000 1.121000 1.165000
v -0.456000 1.127000 1.165000
v -0.464000 1.127000 1.165000
v -0.464000 1.121000 1.189000
v -0.456000 1.121000 1.189000
v -0.456000 1.127000 1.189000
v -0.464000 1.127000 1.189000
f 3700 3699 3698 3697
f 3701 3702 3703 3704
f 3697 3698 3702 3701
f 3698 3699 3703 3702
f 3699 3700 3704 3703
f 3700 3697 3701 3704
o 155_Header_pin
usemtl yellow
v -0.464000 1.135000 1.165000
v -0.456000 1.135000 1.165000
v -0.456000 1.141000 1.165000
v -0.464000 1.141000 1.165000
v -0.464000 1.135000 1.189000
v -0.456000 1.135000 1.189000
v -0.456000 1.141000 1.189000
v -0.464000 1.141000 1.189000
f 3708 3707 3706 3705
f 3709 3710 3711 3712
f 3705 3706 3710 3709
f 3706 3707 3711 3710
f 3707 3708 3712 3711
f 3708 3705 3709 3712
o 156_Header_pin
usemtl yellow
v -0.464000 1.149000 1.165000
v -0.456000 1.149000 1.165000
v -0.456000 1.155000 1.165000
v -0.464000 1.155000 1.165000
v -0.464000 1.149000 1.189000
v -0.456000 1.149000 1.189000
v -0.456000 1.155000 1.189000
v -0.464000 1.155000 1.189000
f 3716 3715 3714 3713
f 3717 3718 3719 3720
f 3713 3714 3718 3717
f 3714 3715 3719 3718
f 3715 3716 3720 3719
f 3716 3713 3717 3720
o 157_Header_pin
usemtl yellow
v -0.464000 1.163000 1.165000
v -0.456000 1.163000 1.165000
v -0.456000 1.169000 1.165000
v -0.464000 1.169000 1.165000
v -0.464000 1.163000 1.189000
v -0.456000 1.163000 1.189000
v -0.456000 1.169000 1.189000
v -0.464000 1.169000 1.189000
f 3724 3723 3722 3721
f 3725 3726 3727 3728
f 3721 3722 3726 3725
f 3722 3723 3727 3726
f 3723 3724 3728 3727
f 3724 3721 3725 3728
o 158_Header_pin
usemtl yellow
v -0.464000 1.177000 1.165000
v -0.456000 1.177000 1.165000
v -0.456000 1.183000 1.165000
v -0.464000 1.183000 1.165000
v -0.464000 1.177000 1.189000
v -0.456000 1.177000 1.189000
v -0.456000 1.183000 1.189000
v -0.464000 1.183000 1.189000
f 3732 3731 3730 3729
f 3733 3734 3735 3736
f 3729 3730 3734 3733
f 3730 3731 3735 3734
f 3731 3732 3736 3735
f 3732 3729 3733 3736
o 159_Header_pin
usemtl yellow
v -0.464000 1.191000 1.165000
v -0.456000 1.191000 1.165000
v -0.456000 1.197000 1.165000
v -0.464000 1.197000 1.165000
v -0.464000 1.191000 1.189000
v -0.456000 1.191000 1.189000
v -0.456000 1.197000 1.189000
v -0.464000 1.197000 1.189000
f 3740 3739 3738 3737
f 3741 3742 3743 3744
f 3737 3738 3742 3741
f 3738 3739 3743 3742
f 3739 3740 3744 3743
f 3740 3737 3741 3744
o 160_Header_pin
usemtl yellow
v -0.464000 1.205000 1.165000
v -0.456000 1.205000 1.165000
v -0.456000 1.211000 1.165000
v -0.464000 1.211000 1.165000
v -0.464000 1.205000 1.189000
v -0.456000 1.205000 1.189000
v -0.456000 1.211000 1.189000
v -0.464000 1.211000 1.189000
f 3748 3747 3746 3745
f 3749 3750 3751 3752
f 3745 3746 3750 3749
f 3746 3747 3751 3750
f 3747 3748 3752 3751
f 3748 3745 3749 3752
o 161_Stop_box
usemtl yellow
v -1.080000 0.970000 1.000000
v -0.920000 0.970000 1.000000
v -0.920000 1.130000 1.000000
v -1.080000 1.130000 1.000000
v -1.080000 0.970000 1.100000
v -0.920000 0.970000 1.100000
v -0.920000 1.130000 1.100000
v -1.080000 1.130000 1.100000
f 3756 3755 3754 3753
f 3757 3758 3759 3760
f 3753 3754 3758 3757
f 3754 3755 3759 3758
f 3755 3756 3760 3759
f 3756 3753 3757 3760
o 162_Stop_button
usemtl red
v -0.945000 1.050000 1.095000
v -0.946057 1.060730 1.095000
v -0.949187 1.071048 1.095000
v -0.954269 1.080556 1.095000
v -0.961109 1.088891 1.095000
v -0.969444 1.095731 1.095000
v -0.978952 1.100813 1.095000
v -0.989270 1.103943 1.095000
v -1.000000 1.105000 1.095000
v -1.010730 1.103943 1.095000
v -1.021048 1.100813 1.095000
v -1.030556 1.095731 1.095000
v -1.038891 1.088891 1.095000
v -1.045731 1.080556 1.095000
v -1.050813 1.071048 1.095000
v -1.053943 1.060730 1.095000
v -1.055000 1.050000 1.095000
v -1.053943 1.039270 1.095000
v -1.050813 1.028952 1.095000
v -1.045731 1.019444 1.095000
v -1.038891 1.011109 1.095000
v -1.030556 1.004269 1.095000
v -1.021048 0.999187 1.095000
v -1.010730 0.996057 1.095000
v -1.000000 0.995000 1.095000
v -0.989270 0.996057 1.095000
v -0.978952 0.999187 1.095000
v -0.969444 1.004269 1.095000
v -0.961109 1.011109 1.095000
v -0.954269 1.019444 1.095000
v -0.949187 1.028952 1.095000
v -0.946057 1.039270 1.095000
v -0.945000 1.050000 1.165000
v -0.946057 1.060730 1.165000
v -0.949187 1.071048 1.165000
v -0.954269 1.080556 1.165000
v -0.961109 1.088891 1.165000
v -0.969444 1.095731 1.165000
v -0.978952 1.100813 1.165000
v -0.989270 1.103943 1.165000
v -1.000000 1.105000 1.165000
v -1.010730 1.103943 1.165000
v -1.021048 1.100813 1.165000
v -1.030556 1.095731 1.165000
v -1.038891 1.088891 1.165000
v -1.045731 1.080556 1.165000
v -1.050813 1.071048 1.165000
v -1.053943 1.060730 1.165000
v -1.055000 1.050000 1.165000
v -1.053943 1.039270 1.165000
v -1.050813 1.028952 1.165000
v -1.045731 1.019444 1.165000
v -1.038891 1.011109 1.165000
v -1.030556 1.004269 1.165000
v -1.021048 0.999187 1.165000
v -1.010730 0.996057 1.165000
v -1.000000 0.995000 1.165000
v -0.989270 0.996057 1.165000
v -0.978952 0.999187 1.165000
v -0.969444 1.004269 1.165000
v -0.961109 1.011109 1.165000
v -0.954269 1.019444 1.165000
v -0.949187 1.028952 1.165000
v -0.946057 1.039270 1.165000
f 3792 3791 3790 3789 3788 3787 3786 3785 3784 3783 3782 3781 3780 3779 3778 3777 3776 3775 3774 3773 3772 3771 3770 3769 3768 3767 3766 3765 3764 3763 3762 3761
f 3793 3794 3795 3796 3797 3798 3799 3800 3801 3802 3803 3804 3805 3806 3807 3808 3809 3810 3811 3812 3813 3814 3815 3816 3817 3818 3819 3820 3821 3822 3823 3824
f 3761 3762 3794 3793
f 3762 3763 3795 3794
f 3763 3764 3796 3795
f 3764 3765 3797 3796
f 3765 3766 3798 3797
f 3766 3767 3799 3798
f 3767 3768 3800 3799
f 3768 3769 3801 3800
f 3769 3770 3802 3801
f 3770 3771 3803 3802
f 3771 3772 3804 3803
f 3772 3773 3805 3804
f 3773 3774 3806 3805
f 3774 3775 3807 3806
f 3775 3776 3808 3807
f 3776 3777 3809 3808
f 3777 3778 3810 3809
f 3778 3779 3811 3810
f 3779 3780 3812 3811
f 3780 3781 3813 3812
f 3781 3782 3814 3813
f 3782 3783 3815 3814
f 3783 3784 3816 3815
f 3784 3785 3817 3816
f 3785 3786 3818 3817
f 3786 3787 3819 3818
f 3787 3788 3820 3819
f 3788 3789 3821 3820
f 3789 3790 3822 3821
f 3790 3791 3823 3822
f 3791 3792 3824 3823
f 3792 3761 3793 3824
o 163_IMU_board
usemtl pcb
v 0.530000 0.010000 1.362000
v 0.590000 0.010000 1.362000
v 0.590000 0.050000 1.362000
v 0.530000 0.050000 1.362000
v 0.530000 0.010000 1.368000
v 0.590000 0.010000 1.368000
v 0.590000 0.050000 1.368000
v 0.530000 0.050000 1.368000
f 3828 3827 3826 3825
f 3829 3830 3831 3832
f 3825 3826 3830 3829
f 3826 3827 3831 3830
f 3827 3828 3832 3831
f 3828 3825 3829 3832
o 164_IMU_chip
usemtl dark
v 0.552000 0.022000 1.369000
v 0.568000 0.022000 1.369000
v 0.568000 0.038000 1.369000
v 0.552000 0.038000 1.369000
v 0.552000 0.022000 1.377000
v 0.568000 0.022000 1.377000
v 0.568000 0.038000 1.377000
v 0.552000 0.038000 1.377000
f 3836 3835 3834 3833
f 3837 3838 3839 3840
f 3833 3834 3838 3837
f 3834 3835 3839 3838
f 3835 3836 3840 3839
f 3836 3833 3837 3840
o 165_Bottle
usemtl blue
v -0.275000 0.000000 0.875000
v -0.276441 0.014632 0.875000
v -0.280709 0.028701 0.875000
v -0.287640 0.041668 0.875000
v -0.296967 0.053033 0.875000
v -0.308332 0.062360 0.875000
v -0.321299 0.069291 0.875000
v -0.335368 0.073559 0.875000
v -0.350000 0.075000 0.875000
v -0.364632 0.073559 0.875000
v -0.378701 0.069291 0.875000
v -0.391668 0.062360 0.875000
v -0.403033 0.053033 0.875000
v -0.412360 0.041668 0.875000
v -0.419291 0.028701 0.875000
v -0.423559 0.014632 0.875000
v -0.425000 0.000000 0.875000
v -0.423559 -0.014632 0.875000
v -0.419291 -0.028701 0.875000
v -0.412360 -0.041668 0.875000
v -0.403033 -0.053033 0.875000
v -0.391668 -0.062360 0.875000
v -0.378701 -0.069291 0.875000
v -0.364632 -0.073559 0.875000
v -0.350000 -0.075000 0.875000
v -0.335368 -0.073559 0.875000
v -0.321299 -0.069291 0.875000
v -0.308332 -0.062360 0.875000
v -0.296967 -0.053033 0.875000
v -0.287640 -0.041668 0.875000
v -0.280709 -0.028701 0.875000
v -0.276441 -0.014632 0.875000
v -0.275000 0.000000 1.105000
v -0.276441 0.014632 1.105000
v -0.280709 0.028701 1.105000
v -0.287640 0.041668 1.105000
v -0.296967 0.053033 1.105000
v -0.308332 0.062360 1.105000
v -0.321299 0.069291 1.105000
v -0.335368 0.073559 1.105000
v -0.350000 0.075000 1.105000
v -0.364632 0.073559 1.105000
v -0.378701 0.069291 1.105000
v -0.391668 0.062360 1.105000
v -0.403033 0.053033 1.105000
v -0.412360 0.041668 1.105000
v -0.419291 0.028701 1.105000
v -0.423559 0.014632 1.105000
v -0.425000 0.000000 1.105000
v -0.423559 -0.014632 1.105000
v -0.419291 -0.028701 1.105000
v -0.412360 -0.041668 1.105000
v -0.403033 -0.053033 1.105000
v -0.391668 -0.062360 1.105000
v -0.378701 -0.069291 1.105000
v -0.364632 -0.073559 1.105000
v -0.350000 -0.075000 1.105000
v -0.335368 -0.073559 1.105000
v -0.321299 -0.069291 1.105000
v -0.308332 -0.062360 1.105000
v -0.296967 -0.053033 1.105000
v -0.287640 -0.041668 1.105000
v -0.280709 -0.028701 1.105000
v -0.276441 -0.014632 1.105000
f 3872 3871 3870 3869 3868 3867 3866 3865 3864 3863 3862 3861 3860 3859 3858 3857 3856 3855 3854 3853 3852 3851 3850 3849 3848 3847 3846 3845 3844 3843 3842 3841
f 3873 3874 3875 3876 3877 3878 3879 3880 3881 3882 3883 3884 3885 3886 3887 3888 3889 3890 3891 3892 3893 3894 3895 3896 3897 3898 3899 3900 3901 3902 3903 3904
f 3841 3842 3874 3873
f 3842 3843 3875 3874
f 3843 3844 3876 3875
f 3844 3845 3877 3876
f 3845 3846 3878 3877
f 3846 3847 3879 3878
f 3847 3848 3880 3879
f 3848 3849 3881 3880
f 3849 3850 3882 3881
f 3850 3851 3883 3882
f 3851 3852 3884 3883
f 3852 3853 3885 3884
f 3853 3854 3886 3885
f 3854 3855 3887 3886
f 3855 3856 3888 3887
f 3856 3857 3889 3888
f 3857 3858 3890 3889
f 3858 3859 3891 3890
f 3859 3860 3892 3891
f 3860 3861 3893 3892
f 3861 3862 3894 3893
f 3862 3863 3895 3894
f 3863 3864 3896 3895
f 3864 3865 3897 3896
f 3865 3866 3898 3897
f 3866 3867 3899 3898
f 3867 3868 3900 3899
f 3868 3869 3901 3900
f 3869 3870 3902 3901
f 3870 3871 3903 3902
f 3871 3872 3904 3903
f 3872 3841 3873 3904
o 166_Shoulder
usemtl blue
v -0.292000 0.000000 1.102500
v -0.293114 0.011315 1.102500
v -0.296415 0.022196 1.102500
v -0.301775 0.032223 1.102500
v -0.308988 0.041012 1.102500
v -0.317777 0.048225 1.102500
v -0.327804 0.053585 1.102500
v -0.338685 0.056886 1.102500
v -0.350000 0.058000 1.102500
v -0.361315 0.056886 1.102500
v -0.372196 0.053585 1.102500
v -0.382223 0.048225 1.102500
v -0.391012 0.041012 1.102500
v -0.398225 0.032223 1.102500
v -0.403585 0.022196 1.102500
v -0.406886 0.011315 1.102500
v -0.408000 0.000000 1.102500
v -0.406886 -0.011315 1.102500
v -0.403585 -0.022196 1.102500
v -0.398225 -0.032223 1.102500
v -0.391012 -0.041012 1.102500
v -0.382223 -0.048225 1.102500
v -0.372196 -0.053585 1.102500
v -0.361315 -0.056886 1.102500
v -0.350000 -0.058000 1.102500
v -0.338685 -0.056886 1.102500
v -0.327804 -0.053585 1.102500
v -0.317777 -0.048225 1.102500
v -0.308988 -0.041012 1.102500
v -0.301775 -0.032223 1.102500
v -0.296415 -0.022196 1.102500
v -0.293114 -0.011315 1.102500
v -0.292000 0.000000 1.137500
v -0.293114 0.011315 1.137500
v -0.296415 0.022196 1.137500
v -0.301775 0.032223 1.137500
v -0.308988 0.041012 1.137500
v -0.317777 0.048225 1.137500
v -0.327804 0.053585 1.137500
v -0.338685 0.056886 1.137500
v -0.350000 0.058000 1.137500
v -0.361315 0.056886 1.137500
v -0.372196 0.053585 1.137500
v -0.382223 0.048225 1.137500
v -0.391012 0.041012 1.137500
v -0.398225 0.032223 1.137500
v -0.403585 0.022196 1.137500
v -0.406886 0.011315 1.137500
v -0.408000 0.000000 1.137500
v -0.406886 -0.011315 1.137500
v -0.403585 -0.022196 1.137500
v -0.398225 -0.032223 1.137500
v -0.391012 -0.041012 1.137500
v -0.382223 -0.048225 1.137500
v -0.372196 -0.053585 1.137500
v -0.361315 -0.056886 1.137500
v -0.350000 -0.058000 1.137500
v -0.338685 -0.056886 1.137500
v -0.327804 -0.053585 1.137500
v -0.317777 -0.048225 1.137500
v -0.308988 -0.041012 1.137500
v -0.301775 -0.032223 1.137500
v -0.296415 -0.022196 1.137500
v -0.293114 -0.011315 1.137500
f 3936 3935 3934 3933 3932 3931 3930 3929 3928 3927 3926 3925 3924 3923 3922 3921 3920 3919 3918 3917 3916 3915 3914 3913 3912 3911 3910 3909 3908 3907 3906 3905
f 3937 3938 3939 3940 3941 3942 3943 3944 3945 3946 3947 3948 3949 3950 3951 3952 3953 3954 3955 3956 3957 3958 3959 3960 3961 3962 3963 3964 3965 3966 3967 3968
f 3905 3906 3938 3937
f 3906 3907 3939 3938
f 3907 3908 3940 3939
f 3908 3909 3941 3940
f 3909 3910 3942 3941
f 3910 3911 3943 3942
f 3911 3912 3944 3943
f 3912 3913 3945 3944
f 3913 3914 3946 3945
f 3914 3915 3947 3946
f 3915 3916 3948 3947
f 3916 3917 3949 3948
f 3917 3918 3950 3949
f 3918 3919 3951 3950
f 3919 3920 3952 3951
f 3920 3921 3953 3952
f 3921 3922 3954 3953
f 3922 3923 3955 3954
f 3923 3924 3956 3955
f 3924 3925 3957 3956
f 3925 3926 3958 3957
f 3926 3927 3959 3958
f 3927 3928 3960 3959
f 3928 3929 3961 3960
f 3929 3930 3962 3961
f 3930 3931 3963 3962
f 3931 3932 3964 3963
f 3932 3933 3965 3964
f 3933 3934 3966 3965
f 3934 3935 3967 3966
f 3935 3936 3968 3967
f 3936 3905 3937 3968
o 167_Neck
usemtl blue
v -0.322000 0.000000 1.132500
v -0.322538 0.005463 1.132500
v -0.324131 0.010715 1.132500
v -0.326719 0.015556 1.132500
v -0.330201 0.019799 1.132500
v -0.334444 0.023281 1.132500
v -0.339285 0.025869 1.132500
v -0.344537 0.027462 1.132500
v -0.350000 0.028000 1.132500
v -0.355463 0.027462 1.132500
v -0.360715 0.025869 1.132500
v -0.365556 0.023281 1.132500
v -0.369799 0.019799 1.132500
v -0.373281 0.015556 1.132500
v -0.375869 0.010715 1.132500
v -0.377462 0.005463 1.132500
v -0.378000 0.000000 1.132500
v -0.377462 -0.005463 1.132500
v -0.375869 -0.010715 1.132500
v -0.373281 -0.015556 1.132500
v -0.369799 -0.019799 1.132500
v -0.365556 -0.023281 1.132500
v -0.360715 -0.025869 1.132500
v -0.355463 -0.027462 1.132500
v -0.350000 -0.028000 1.132500
v -0.344537 -0.027462 1.132500
v -0.339285 -0.025869 1.132500
v -0.334444 -0.023281 1.132500
v -0.330201 -0.019799 1.132500
v -0.326719 -0.015556 1.132500
v -0.324131 -0.010715 1.132500
v -0.322538 -0.005463 1.132500
v -0.322000 0.000000 1.187500
v -0.322538 0.005463 1.187500
v -0.324131 0.010715 1.187500
v -0.326719 0.015556 1.187500
v -0.330201 0.019799 1.187500
v -0.334444 0.023281 1.187500
v -0.339285 0.025869 1.187500
v -0.344537 0.027462 1.187500
v -0.350000 0.028000 1.187500
v -0.355463 0.027462 1.187500
v -0.360715 0.025869 1.187500
v -0.365556 0.023281 1.187500
v -0.369799 0.019799 1.187500
v -0.373281 0.015556 1.187500
v -0.375869 0.010715 1.187500
v -0.377462 0.005463 1.187500
v -0.378000 0.000000 1.187500
v -0.377462 -0.005463 1.187500
v -0.375869 -0.010715 1.187500
v -0.373281 -0.015556 1.187500
v -0.369799 -0.019799 1.187500
v -0.365556 -0.023281 1.187500
v -0.360715 -0.025869 1.187500
v -0.355463 -0.027462 1.187500
v -0.350000 -0.028000 1.187500
v -0.344537 -0.027462 1.187500
v -0.339285 -0.025869 1.187500
v -0.334444 -0.023281 1.187500
v -0.330201 -0.019799 1.187500
v -0.326719 -0.015556 1.187500
v -0.324131 -0.010715 1.187500
v -0.322538 -0.005463 1.187500
f 4000 3999 3998 3997 3996 3995 3994 3993 3992 3991 3990 3989 3988 3987 3986 3985 3984 3983 3982 3981 3980 3979 3978 3977 3976 3975 3974 3973 3972 3971 3970 3969
f 4001 4002 4003 4004 4005 4006 4007 4008 4009 4010 4011 4012 4013 4014 4015 4016 4017 4018 4019 4020 4021 4022 4023 4024 4025 4026 4027 4028 4029 4030 4031 4032
f 3969 3970 4002 4001
f 3970 3971 4003 4002
f 3971 3972 4004 4003
f 3972 3973 4005 4004
f 3973 3974 4006 4005
f 3974 3975 4007 4006
f 3975 3976 4008 4007
f 3976 3977 4009 4008
f 3977 3978 4010 4009
f 3978 3979 4011 4010
f 3979 3980 4012 4011
f 3980 3981 4013 4012
f 3981 3982 4014 4013
f 3982 3983 4015 4014
f 3983 3984 4016 4015
f 3984 3985 4017 4016
f 3985 3986 4018 4017
f 3986 3987 4019 4018
f 3987 3988 4020 4019
f 3988 3989 4021 4020
f 3989 3990 4022 4021
f 3990 3991 4023 4022
f 3991 3992 4024 4023
f 3992 3993 4025 4024
f 3993 3994 4026 4025
f 3994 3995 4027 4026
f 3995 3996 4028 4027
f 3996 3997 4029 4028
f 3997 3998 4030 4029
f 3998 3999 4031 4030
f 3999 4000 4032 4031
f 4000 3969 4001 4032
o 168_Cap
usemtl white
v -0.319000 0.000000 1.177500
v -0.319596 0.006048 1.177500
v -0.321360 0.011863 1.177500
v -0.324224 0.017223 1.177500
v -0.328080 0.021920 1.177500
v -0.332777 0.025776 1.177500
v -0.338137 0.028640 1.177500
v -0.343952 0.030404 1.177500
v -0.350000 0.031000 1.177500
v -0.356048 0.030404 1.177500
v -0.361863 0.028640 1.177500
v -0.367223 0.025776 1.177500
v -0.371920 0.021920 1.177500
v -0.375776 0.017223 1.177500
v -0.378640 0.011863 1.177500
v -0.380404 0.006048 1.177500
v -0.381000 0.000000 1.177500
v -0.380404 -0.006048 1.177500
v -0.378640 -0.011863 1.177500
v -0.375776 -0.017223 1.177500
v -0.371920 -0.021920 1.177500
v -0.367223 -0.025776 1.177500
v -0.361863 -0.028640 1.177500
v -0.356048 -0.030404 1.177500
v -0.350000 -0.031000 1.177500
v -0.343952 -0.030404 1.177500
v -0.338137 -0.028640 1.177500
v -0.332777 -0.025776 1.177500
v -0.328080 -0.021920 1.177500
v -0.324224 -0.017223 1.177500
v -0.321360 -0.011863 1.177500
v -0.319596 -0.006048 1.177500
v -0.319000 0.000000 1.202500
v -0.319596 0.006048 1.202500
v -0.321360 0.011863 1.202500
v -0.324224 0.017223 1.202500
v -0.328080 0.021920 1.202500
v -0.332777 0.025776 1.202500
v -0.338137 0.028640 1.202500
v -0.343952 0.030404 1.202500
v -0.350000 0.031000 1.202500
v -0.356048 0.030404 1.202500
v -0.361863 0.028640 1.202500
v -0.367223 0.025776 1.202500
v -0.371920 0.021920 1.202500
v -0.375776 0.017223 1.202500
v -0.378640 0.011863 1.202500
v -0.380404 0.006048 1.202500
v -0.381000 0.000000 1.202500
v -0.380404 -0.006048 1.202500
v -0.378640 -0.011863 1.202500
v -0.375776 -0.017223 1.202500
v -0.371920 -0.021920 1.202500
v -0.367223 -0.025776 1.202500
v -0.361863 -0.028640 1.202500
v -0.356048 -0.030404 1.202500
v -0.350000 -0.031000 1.202500
v -0.343952 -0.030404 1.202500
v -0.338137 -0.028640 1.202500
v -0.332777 -0.025776 1.202500
v -0.328080 -0.021920 1.202500
v -0.324224 -0.017223 1.202500
v -0.321360 -0.011863 1.202500
v -0.319596 -0.006048 1.202500
f 4064 4063 4062 4061 4060 4059 4058 4057 4056 4055 4054 4053 4052 4051 4050 4049 4048 4047 4046 4045 4044 4043 4042 4041 4040 4039 4038 4037 4036 4035 4034 4033
f 4065 4066 4067 4068 4069 4070 4071 4072 4073 4074 4075 4076 4077 4078 4079 4080 4081 4082 4083 4084 4085 4086 4087 4088 4089 4090 4091 4092 4093 4094 4095 4096
f 4033 4034 4066 4065
f 4034 4035 4067 4066
f 4035 4036 4068 4067
f 4036 4037 4069 4068
f 4037 4038 4070 4069
f 4038 4039 4071 4070
f 4039 4040 4072 4071
f 4040 4041 4073 4072
f 4041 4042 4074 4073
f 4042 4043 4075 4074
f 4043 4044 4076 4075
f 4044 4045 4077 4076
f 4045 4046 4078 4077
f 4046 4047 4079 4078
f 4047 4048 4080 4079
f 4048 4049 4081 4080
f 4049 4050 4082 4081
f 4050 4051 4083 4082
f 4051 4052 4084 4083
f 4052 4053 4085 4084
f 4053 4054 4086 4085
f 4054 4055 4087 4086
f 4055 4056 4088 4087
f 4056 4057 4089 4088
f 4057 4058 4090 4089
f 4058 4059 4091 4090
f 4059 4060 4092 4091
f 4060 4061 4093 4092
f 4061 4062 4094 4093
f 4062 4063 4095 4094
f 4063 4064 4096 4095
f 4064 4033 4065 4096
o 169_Bottle_rib
usemtl blue
v -0.272000 0.000000 0.905500
v -0.273499 0.015217 0.905500
v -0.277937 0.029849 0.905500
v -0.285145 0.043334 0.905500
v -0.294846 0.055154 0.905500
v -0.306666 0.064855 0.905500
v -0.320151 0.072063 0.905500
v -0.334783 0.076501 0.905500
v -0.350000 0.078000 0.905500
v -0.365217 0.076501 0.905500
v -0.379849 0.072063 0.905500
v -0.393334 0.064855 0.905500
v -0.405154 0.055154 0.905500
v -0.414855 0.043334 0.905500
v -0.422063 0.029849 0.905500
v -0.426501 0.015217 0.905500
v -0.428000 0.000000 0.905500
v -0.426501 -0.015217 0.905500
v -0.422063 -0.029849 0.905500
v -0.414855 -0.043334 0.905500
v -0.405154 -0.055154 0.905500
v -0.393334 -0.064855 0.905500
v -0.379849 -0.072063 0.905500
v -0.365217 -0.076501 0.905500
v -0.350000 -0.078000 0.905500
v -0.334783 -0.076501 0.905500
v -0.320151 -0.072063 0.905500
v -0.306666 -0.064855 0.905500
v -0.294846 -0.055154 0.905500
v -0.285145 -0.043334 0.905500
v -0.277937 -0.029849 0.905500
v -0.273499 -0.015217 0.905500
v -0.272000 0.000000 0.914500
v -0.273499 0.015217 0.914500
v -0.277937 0.029849 0.914500
v -0.285145 0.043334 0.914500
v -0.294846 0.055154 0.914500
v -0.306666 0.064855 0.914500
v -0.320151 0.072063 0.914500
v -0.334783 0.076501 0.914500
v -0.350000 0.078000 0.914500
v -0.365217 0.076501 0.914500
v -0.379849 0.072063 0.914500
v -0.393334 0.064855 0.914500
v -0.405154 0.055154 0.914500
v -0.414855 0.043334 0.914500
v -0.422063 0.029849 0.914500
v -0.426501 0.015217 0.914500
v -0.428000 0.000000 0.914500
v -0.426501 -0.015217 0.914500
v -0.422063 -0.029849 0.914500
v -0.414855 -0.043334 0.914500
v -0.405154 -0.055154 0.914500
v -0.393334 -0.064855 0.914500
v -0.379849 -0.072063 0.914500
v -0.365217 -0.076501 0.914500
v -0.350000 -0.078000 0.914500
v -0.334783 -0.076501 0.914500
v -0.320151 -0.072063 0.914500
v -0.306666 -0.064855 0.914500
v -0.294846 -0.055154 0.914500
v -0.285145 -0.043334 0.914500
v -0.277937 -0.029849 0.914500
v -0.273499 -0.015217 0.914500
f 4128 4127 4126 4125 4124 4123 4122 4121 4120 4119 4118 4117 4116 4115 4114 4113 4112 4111 4110 4109 4108 4107 4106 4105 4104 4103 4102 4101 4100 4099 4098 4097
f 4129 4130 4131 4132 4133 4134 4135 4136 4137 4138 4139 4140 4141 4142 4143 4144 4145 4146 4147 4148 4149 4150 4151 4152 4153 4154 4155 4156 4157 4158 4159 4160
f 4097 4098 4130 4129
f 4098 4099 4131 4130
f 4099 4100 4132 4131
f 4100 4101 4133 4132
f 4101 4102 4134 4133
f 4102 4103 4135 4134
f 4103 4104 4136 4135
f 4104 4105 4137 4136
f 4105 4106 4138 4137
f 4106 4107 4139 4138
f 4107 4108 4140 4139
f 4108 4109 4141 4140
f 4109 4110 4142 4141
f 4110 4111 4143 4142
f 4111 4112 4144 4143
f 4112 4113 4145 4144
f 4113 4114 4146 4145
f 4114 4115 4147 4146
f 4115 4116 4148 4147
f 4116 4117 4149 4148
f 4117 4118 4150 4149
f 4118 4119 4151 4150
f 4119 4120 4152 4151
f 4120 4121 4153 4152
f 4121 4122 4154 4153
f 4122 4123 4155 4154
f 4123 4124 4156 4155
f 4124 4125 4157 4156
f 4125 4126 4158 4157
f 4126 4127 4159 4158
f 4127 4128 4160 4159
f 4128 4097 4129 4160
o 170_Bottle_rib
usemtl blue
v -0.272000 0.000000 0.945500
v -0.273499 0.015217 0.945500
v -0.277937 0.029849 0.945500
v -0.285145 0.043334 0.945500
v -0.294846 0.055154 0.945500
v -0.306666 0.064855 0.945500
v -0.320151 0.072063 0.945500
v -0.334783 0.076501 0.945500
v -0.350000 0.078000 0.945500
v -0.365217 0.076501 0.945500
v -0.379849 0.072063 0.945500
v -0.393334 0.064855 0.945500
v -0.405154 0.055154 0.945500
v -0.414855 0.043334 0.945500
v -0.422063 0.029849 0.945500
v -0.426501 0.015217 0.945500
v -0.428000 0.000000 0.945500
v -0.426501 -0.015217 0.945500
v -0.422063 -0.029849 0.945500
v -0.414855 -0.043334 0.945500
v -0.405154 -0.055154 0.945500
v -0.393334 -0.064855 0.945500
v -0.379849 -0.072063 0.945500
v -0.365217 -0.076501 0.945500
v -0.350000 -0.078000 0.945500
v -0.334783 -0.076501 0.945500
v -0.320151 -0.072063 0.945500
v -0.306666 -0.064855 0.945500
v -0.294846 -0.055154 0.945500
v -0.285145 -0.043334 0.945500
v -0.277937 -0.029849 0.945500
v -0.273499 -0.015217 0.945500
v -0.272000 0.000000 0.954500
v -0.273499 0.015217 0.954500
v -0.277937 0.029849 0.954500
v -0.285145 0.043334 0.954500
v -0.294846 0.055154 0.954500
v -0.306666 0.064855 0.954500
v -0.320151 0.072063 0.954500
v -0.334783 0.076501 0.954500
v -0.350000 0.078000 0.954500
v -0.365217 0.076501 0.954500
v -0.379849 0.072063 0.954500
v -0.393334 0.064855 0.954500
v -0.405154 0.055154 0.954500
v -0.414855 0.043334 0.954500
v -0.422063 0.029849 0.954500
v -0.426501 0.015217 0.954500
v -0.428000 0.000000 0.954500
v -0.426501 -0.015217 0.954500
v -0.422063 -0.029849 0.954500
v -0.414855 -0.043334 0.954500
v -0.405154 -0.055154 0.954500
v -0.393334 -0.064855 0.954500
v -0.379849 -0.072063 0.954500
v -0.365217 -0.076501 0.954500
v -0.350000 -0.078000 0.954500
v -0.334783 -0.076501 0.954500
v -0.320151 -0.072063 0.954500
v -0.306666 -0.064855 0.954500
v -0.294846 -0.055154 0.954500
v -0.285145 -0.043334 0.954500
v -0.277937 -0.029849 0.954500
v -0.273499 -0.015217 0.954500
f 4192 4191 4190 4189 4188 4187 4186 4185 4184 4183 4182 4181 4180 4179 4178 4177 4176 4175 4174 4173 4172 4171 4170 4169 4168 4167 4166 4165 4164 4163 4162 4161
f 4193 4194 4195 4196 4197 4198 4199 4200 4201 4202 4203 4204 4205 4206 4207 4208 4209 4210 4211 4212 4213 4214 4215 4216 4217 4218 4219 4220 4221 4222 4223 4224
f 4161 4162 4194 4193
f 4162 4163 4195 4194
f 4163 4164 4196 4195
f 4164 4165 4197 4196
f 4165 4166 4198 4197
f 4166 4167 4199 4198
f 4167 4168 4200 4199
f 4168 4169 4201 4200
f 4169 4170 4202 4201
f 4170 4171 4203 4202
f 4171 4172 4204 4203
f 4172 4173 4205 4204
f 4173 4174 4206 4205
f 4174 4175 4207 4206
f 4175 4176 4208 4207
f 4176 4177 4209 4208
f 4177 4178 4210 4209
f 4178 4179 4211 4210
f 4179 4180 4212 4211
f 4180 4181 4213 4212
f 4181 4182 4214 4213
f 4182 4183 4215 4214
f 4183 4184 4216 4215
f 4184 4185 4217 4216
f 4185 4186 4218 4217
f 4186 4187 4219 4218
f 4187 4188 4220 4219
f 4188 4189 4221 4220
f 4189 4190 4222 4221
f 4190 4191 4223 4222
f 4191 4192 4224 4223
f 4192 4161 4193 4224
o 171_Bottle_rib
usemtl blue
v -0.272000 0.000000 1.015500
v -0.273499 0.015217 1.015500
v -0.277937 0.029849 1.015500
v -0.285145 0.043334 1.015500
v -0.294846 0.055154 1.015500
v -0.306666 0.064855 1.015500
v -0.320151 0.072063 1.015500
v -0.334783 0.076501 1.015500
v -0.350000 0.078000 1.015500
v -0.365217 0.076501 1.015500
v -0.379849 0.072063 1.015500
v -0.393334 0.064855 1.015500
v -0.405154 0.055154 1.015500
v -0.414855 0.043334 1.015500
v -0.422063 0.029849 1.015500
v -0.426501 0.015217 1.015500
v -0.428000 0.000000 1.015500
v -0.426501 -0.015217 1.015500
v -0.422063 -0.029849 1.015500
v -0.414855 -0.043334 1.015500
v -0.405154 -0.055154 1.015500
v -0.393334 -0.064855 1.015500
v -0.379849 -0.072063 1.015500
v -0.365217 -0.076501 1.015500
v -0.350000 -0.078000 1.015500
v -0.334783 -0.076501 1.015500
v -0.320151 -0.072063 1.015500
v -0.306666 -0.064855 1.015500
v -0.294846 -0.055154 1.015500
v -0.285145 -0.043334 1.015500
v -0.277937 -0.029849 1.015500
v -0.273499 -0.015217 1.015500
v -0.272000 0.000000 1.024500
v -0.273499 0.015217 1.024500
v -0.277937 0.029849 1.024500
v -0.285145 0.043334 1.024500
v -0.294846 0.055154 1.024500
v -0.306666 0.064855 1.024500
v -0.320151 0.072063 1.024500
v -0.334783 0.076501 1.024500
v -0.350000 0.078000 1.024500
v -0.365217 0.076501 1.024500
v -0.379849 0.072063 1.024500
v -0.393334 0.064855 1.024500
v -0.405154 0.055154 1.024500
v -0.414855 0.043334 1.024500
v -0.422063 0.029849 1.024500
v -0.426501 0.015217 1.024500
v -0.428000 0.000000 1.024500
v -0.426501 -0.015217 1.024500
v -0.422063 -0.029849 1.024500
v -0.414855 -0.043334 1.024500
v -0.405154 -0.055154 1.024500
v -0.393334 -0.064855 1.024500
v -0.379849 -0.072063 1.024500
v -0.365217 -0.076501 1.024500
v -0.350000 -0.078000 1.024500
v -0.334783 -0.076501 1.024500
v -0.320151 -0.072063 1.024500
v -0.306666 -0.064855 1.024500
v -0.294846 -0.055154 1.024500
v -0.285145 -0.043334 1.024500
v -0.277937 -0.029849 1.024500
v -0.273499 -0.015217 1.024500
f 4256 4255 4254 4253 4252 4251 4250 4249 4248 4247 4246 4245 4244 4243 4242 4241 4240 4239 4238 4237 4236 4235 4234 4233 4232 4231 4230 4229 4228 4227 4226 4225
f 4257 4258 4259 4260 4261 4262 4263 4264 4265 4266 4267 4268 4269 4270 4271 4272 4273 4274 4275 4276 4277 4278 4279 4280 4281 4282 4283 4284 4285 4286 4287 4288
f 4225 4226 4258 4257
f 4226 4227 4259 4258
f 4227 4228 4260 4259
f 4228 4229 4261 4260
f 4229 4230 4262 4261
f 4230 4231 4263 4262
f 4231 4232 4264 4263
f 4232 4233 4265 4264
f 4233 4234 4266 4265
f 4234 4235 4267 4266
f 4235 4236 4268 4267
f 4236 4237 4269 4268
f 4237 4238 4270 4269
f 4238 4239 4271 4270
f 4239 4240 4272 4271
f 4240 4241 4273 4272
f 4241 4242 4274 4273
f 4242 4243 4275 4274
f 4243 4244 4276 4275
f 4244 4245 4277 4276
f 4245 4246 4278 4277
f 4246 4247 4279 4278
f 4247 4248 4280 4279
f 4248 4249 4281 4280
f 4249 4250 4282 4281
f 4250 4251 4283 4282
f 4251 4252 4284 4283
f 4252 4253 4285 4284
f 4253 4254 4286 4285
f 4254 4255 4287 4286
f 4255 4256 4288 4287
f 4256 4225 4257 4288
o 172_Bottle_rib
usemtl blue
v -0.272000 0.000000 1.065500
v -0.273499 0.015217 1.065500
v -0.277937 0.029849 1.065500
v -0.285145 0.043334 1.065500
v -0.294846 0.055154 1.065500
v -0.306666 0.064855 1.065500
v -0.320151 0.072063 1.065500
v -0.334783 0.076501 1.065500
v -0.350000 0.078000 1.065500
v -0.365217 0.076501 1.065500
v -0.379849 0.072063 1.065500
v -0.393334 0.064855 1.065500
v -0.405154 0.055154 1.065500
v -0.414855 0.043334 1.065500
v -0.422063 0.029849 1.065500
v -0.426501 0.015217 1.065500
v -0.428000 0.000000 1.065500
v -0.426501 -0.015217 1.065500
v -0.422063 -0.029849 1.065500
v -0.414855 -0.043334 1.065500
v -0.405154 -0.055154 1.065500
v -0.393334 -0.064855 1.065500
v -0.379849 -0.072063 1.065500
v -0.365217 -0.076501 1.065500
v -0.350000 -0.078000 1.065500
v -0.334783 -0.076501 1.065500
v -0.320151 -0.072063 1.065500
v -0.306666 -0.064855 1.065500
v -0.294846 -0.055154 1.065500
v -0.285145 -0.043334 1.065500
v -0.277937 -0.029849 1.065500
v -0.273499 -0.015217 1.065500
v -0.272000 0.000000 1.074500
v -0.273499 0.015217 1.074500
v -0.277937 0.029849 1.074500
v -0.285145 0.043334 1.074500
v -0.294846 0.055154 1.074500
v -0.306666 0.064855 1.074500
v -0.320151 0.072063 1.074500
v -0.334783 0.076501 1.074500
v -0.350000 0.078000 1.074500
v -0.365217 0.076501 1.074500
v -0.379849 0.072063 1.074500
v -0.393334 0.064855 1.074500
v -0.405154 0.055154 1.074500
v -0.414855 0.043334 1.074500
v -0.422063 0.029849 1.074500
v -0.426501 0.015217 1.074500
v -0.428000 0.000000 1.074500
v -0.426501 -0.015217 1.074500
v -0.422063 -0.029849 1.074500
v -0.414855 -0.043334 1.074500
v -0.405154 -0.055154 1.074500
v -0.393334 -0.064855 1.074500
v -0.379849 -0.072063 1.074500
v -0.365217 -0.076501 1.074500
v -0.350000 -0.078000 1.074500
v -0.334783 -0.076501 1.074500
v -0.320151 -0.072063 1.074500
v -0.306666 -0.064855 1.074500
v -0.294846 -0.055154 1.074500
v -0.285145 -0.043334 1.074500
v -0.277937 -0.029849 1.074500
v -0.273499 -0.015217 1.074500
f 4320 4319 4318 4317 4316 4315 4314 4313 4312 4311 4310 4309 4308 4307 4306 4305 4304 4303 4302 4301 4300 4299 4298 4297 4296 4295 4294 4293 4292 4291 4290 4289
f 4321 4322 4323 4324 4325 4326 4327 4328 4329 4330 4331 4332 4333 4334 4335 4336 4337 4338 4339 4340 4341 4342 4343 4344 4345 4346 4347 4348 4349 4350 4351 4352
f 4289 4290 4322 4321
f 4290 4291 4323 4322
f 4291 4292 4324 4323
f 4292 4293 4325 4324
f 4293 4294 4326 4325
f 4294 4295 4327 4326
f 4295 4296 4328 4327
f 4296 4297 4329 4328
f 4297 4298 4330 4329
f 4298 4299 4331 4330
f 4299 4300 4332 4331
f 4300 4301 4333 4332
f 4301 4302 4334 4333
f 4302 4303 4335 4334
f 4303 4304 4336 4335
f 4304 4305 4337 4336
f 4305 4306 4338 4337
f 4306 4307 4339 4338
f 4307 4308 4340 4339
f 4308 4309 4341 4340
f 4309 4310 4342 4341
f 4310 4311 4343 4342
f 4311 4312 4344 4343
f 4312 4313 4345 4344
f 4313 4314 4346 4345
f 4314 4315 4347 4346
f 4315 4316 4348 4347
f 4316 4317 4349 4348
f 4317 4318 4350 4349
f 4318 4319 4351 4350
f 4319 4320 4352 4351
f 4320 4289 4321 4352
o 173_Cardboard
usemtl brown
v -0.915000 -0.095000 0.870000
v -0.645000 -0.095000 0.870000
v -0.645000 0.095000 0.870000
v -0.915000 0.095000 0.870000
v -0.915000 -0.095000 1.030000
v -0.645000 -0.095000 1.030000
v -0.645000 0.095000 1.030000
v -0.915000 0.095000 1.030000
f 4356 4355 4354 4353
f 4357 4358 4359 4360
f 4353 4354 4358 4357
f 4354 4355 4359 4358
f 4355 4356 4360 4359
f 4356 4353 4357 4360
o 174_Tape
usemtl yellow
v -0.797500 -0.097500 1.030000
v -0.762500 -0.097500 1.030000
v -0.762500 0.097500 1.030000
v -0.797500 0.097500 1.030000
v -0.797500 -0.097500 1.034000
v -0.762500 -0.097500 1.034000
v -0.762500 0.097500 1.034000
v -0.797500 0.097500 1.034000
f 4364 4363 4362 4361
f 4365 4366 4367 4368
f 4361 4362 4366 4365
f 4362 4363 4367 4366
f 4363 4364 4368 4367
f 4364 4361 4365 4368
o 175_Steel_can
usemtl steel
v 1.075000 0.000000 0.870000
v 1.073559 0.014632 0.870000
v 1.069291 0.028701 0.870000
v 1.062360 0.041668 0.870000
v 1.053033 0.053033 0.870000
v 1.041668 0.062360 0.870000
v 1.028701 0.069291 0.870000
v 1.014632 0.073559 0.870000
v 1.000000 0.075000 0.870000
v 0.985368 0.073559 0.870000
v 0.971299 0.069291 0.870000
v 0.958332 0.062360 0.870000
v 0.946967 0.053033 0.870000
v 0.937640 0.041668 0.870000
v 0.930709 0.028701 0.870000
v 0.926441 0.014632 0.870000
v 0.925000 0.000000 0.870000
v 0.926441 -0.014632 0.870000
v 0.930709 -0.028701 0.870000
v 0.937640 -0.041668 0.870000
v 0.946967 -0.053033 0.870000
v 0.958332 -0.062360 0.870000
v 0.971299 -0.069291 0.870000
v 0.985368 -0.073559 0.870000
v 1.000000 -0.075000 0.870000
v 1.014632 -0.073559 0.870000
v 1.028701 -0.069291 0.870000
v 1.041668 -0.062360 0.870000
v 1.053033 -0.053033 0.870000
v 1.062360 -0.041668 0.870000
v 1.069291 -0.028701 0.870000
v 1.073559 -0.014632 0.870000
v 1.075000 0.000000 1.110000
v 1.073559 0.014632 1.110000
v 1.069291 0.028701 1.110000
v 1.062360 0.041668 1.110000
v 1.053033 0.053033 1.110000
v 1.041668 0.062360 1.110000
v 1.028701 0.069291 1.110000
v 1.014632 0.073559 1.110000
v 1.000000 0.075000 1.110000
v 0.985368 0.073559 1.110000
v 0.971299 0.069291 1.110000
v 0.958332 0.062360 1.110000
v 0.946967 0.053033 1.110000
v 0.937640 0.041668 1.110000
v 0.930709 0.028701 1.110000
v 0.926441 0.014632 1.110000
v 0.925000 0.000000 1.110000
v 0.926441 -0.014632 1.110000
v 0.930709 -0.028701 1.110000
v 0.937640 -0.041668 1.110000
v 0.946967 -0.053033 1.110000
v 0.958332 -0.062360 1.110000
v 0.971299 -0.069291 1.110000
v 0.985368 -0.073559 1.110000
v 1.000000 -0.075000 1.110000
v 1.014632 -0.073559 1.110000
v 1.028701 -0.069291 1.110000
v 1.041668 -0.062360 1.110000
v 1.053033 -0.053033 1.110000
v 1.062360 -0.041668 1.110000
v 1.069291 -0.028701 1.110000
v 1.073559 -0.014632 1.110000
f 4400 4399 4398 4397 4396 4395 4394 4393 4392 4391 4390 4389 4388 4387 4386 4385 4384 4383 4382 4381 4380 4379 4378 4377 4376 4375 4374 4373 4372 4371 4370 4369
f 4401 4402 4403 4404 4405 4406 4407 4408 4409 4410 4411 4412 4413 4414 4415 4416 4417 4418 4419 4420 4421 4422 4423 4424 4425 4426 4427 4428 4429 4430 4431 4432
f 4369 4370 4402 4401
f 4370 4371 4403 4402
f 4371 4372 4404 4403
f 4372 4373 4405 4404
f 4373 4374 4406 4405
f 4374 4375 4407 4406
f 4375 4376 4408 4407
f 4376 4377 4409 4408
f 4377 4378 4410 4409
f 4378 4379 4411 4410
f 4379 4380 4412 4411
f 4380 4381 4413 4412
f 4381 4382 4414 4413
f 4382 4383 4415 4414
f 4383 4384 4416 4415
f 4384 4385 4417 4416
f 4385 4386 4418 4417
f 4386 4387 4419 4418
f 4387 4388 4420 4419
f 4388 4389 4421 4420
f 4389 4390 4422 4421
f 4390 4391 4423 4422
f 4391 4392 4424 4423
f 4392 4393 4425 4424
f 4393 4394 4426 4425
f 4394 4395 4427 4426
f 4395 4396 4428 4427
f 4396 4397 4429 4428
f 4397 4398 4430 4429
f 4398 4399 4431 4430
f 4399 4400 4432 4431
f 4400 4369 4401 4432
o 176_Rim
usemtl steel
v 1.080000 0.000000 1.109000
v 1.078463 0.015607 1.109000
v 1.073910 0.030615 1.109000
v 1.066518 0.044446 1.109000
v 1.056569 0.056569 1.109000
v 1.044446 0.066518 1.109000
v 1.030615 0.073910 1.109000
v 1.015607 0.078463 1.109000
v 1.000000 0.080000 1.109000
v 0.984393 0.078463 1.109000
v 0.969385 0.073910 1.109000
v 0.955554 0.066518 1.109000
v 0.943431 0.056569 1.109000
v 0.933482 0.044446 1.109000
v 0.926090 0.030615 1.109000
v 0.921537 0.015607 1.109000
v 0.920000 0.000000 1.109000
v 0.921537 -0.015607 1.109000
v 0.926090 -0.030615 1.109000
v 0.933482 -0.044446 1.109000
v 0.943431 -0.056569 1.109000
v 0.955554 -0.066518 1.109000
v 0.969385 -0.073910 1.109000
v 0.984393 -0.078463 1.109000
v 1.000000 -0.080000 1.109000
v 1.015607 -0.078463 1.109000
v 1.030615 -0.073910 1.109000
v 1.044446 -0.066518 1.109000
v 1.056569 -0.056569 1.109000
v 1.066518 -0.044446 1.109000
v 1.073910 -0.030615 1.109000
v 1.078463 -0.015607 1.109000
v 1.080000 0.000000 1.121000
v 1.078463 0.015607 1.121000
v 1.073910 0.030615 1.121000
v 1.066518 0.044446 1.121000
v 1.056569 0.056569 1.121000
v 1.044446 0.066518 1.121000
v 1.030615 0.073910 1.121000
v 1.015607 0.078463 1.121000
v 1.000000 0.080000 1.121000
v 0.984393 0.078463 1.121000
v 0.969385 0.073910 1.121000
v 0.955554 0.066518 1.121000
v 0.943431 0.056569 1.121000
v 0.933482 0.044446 1.121000
v 0.926090 0.030615 1.121000
v 0.921537 0.015607 1.121000
v 0.920000 0.000000 1.121000
v 0.921537 -0.015607 1.121000
v 0.926090 -0.030615 1.121000
v 0.933482 -0.044446 1.121000
v 0.943431 -0.056569 1.121000
v 0.955554 -0.066518 1.121000
v 0.969385 -0.073910 1.121000
v 0.984393 -0.078463 1.121000
v 1.000000 -0.080000 1.121000
v 1.015607 -0.078463 1.121000
v 1.030615 -0.073910 1.121000
v 1.044446 -0.066518 1.121000
v 1.056569 -0.056569 1.121000
v 1.066518 -0.044446 1.121000
v 1.073910 -0.030615 1.121000
v 1.078463 -0.015607 1.121000
f 4464 4463 4462 4461 4460 4459 4458 4457 4456 4455 4454 4453 4452 4451 4450 4449 4448 4447 4446 4445 4444 4443 4442 4441 4440 4439 4438 4437 4436 4435 4434 4433
f 4465 4466 4467 4468 4469 4470 4471 4472 4473 4474 4475 4476 4477 4478 4479 4480 4481 4482 4483 4484 4485 4486 4487 4488 4489 4490 4491 4492 4493 4494 4495 4496
f 4433 4434 4466 4465
f 4434 4435 4467 4466
f 4435 4436 4468 4467
f 4436 4437 4469 4468
f 4437 4438 4470 4469
f 4438 4439 4471 4470
f 4439 4440 4472 4471
f 4440 4441 4473 4472
f 4441 4442 4474 4473
f 4442 4443 4475 4474
f 4443 4444 4476 4475
f 4444 4445 4477 4476
f 4445 4446 4478 4477
f 4446 4447 4479 4478
f 4447 4448 4480 4479
f 4448 4449 4481 4480
f 4449 4450 4482 4481
f 4450 4451 4483 4482
f 4451 4452 4484 4483
f 4452 4453 4485 4484
f 4453 4454 4486 4485
f 4454 4455 4487 4486
f 4455 4456 4488 4487
f 4456 4457 4489 4488
f 4457 4458 4490 4489
f 4458 4459 4491 4490
f 4459 4460 4492 4491
f 4460 4461 4493 4492
f 4461 4462 4494 4493
f 4462 4463 4495 4494
f 4463 4464 4496 4495
f 4464 4433 4465 4496
o 177_Pull_tab
usemtl dark
v 1.018000 0.000000 1.120500
v 1.017654 0.003512 1.120500
v 1.016630 0.006888 1.120500
v 1.014966 0.010000 1.120500
v 1.012728 0.012728 1.120500
v 1.010000 0.014966 1.120500
v 1.006888 0.016630 1.120500
v 1.003512 0.017654 1.120500
v 1.000000 0.018000 1.120500
v 0.996488 0.017654 1.120500
v 0.993112 0.016630 1.120500
v 0.990000 0.014966 1.120500
v 0.987272 0.012728 1.120500
v 0.985034 0.010000 1.120500
v 0.983370 0.006888 1.120500
v 0.982346 0.003512 1.120500
v 0.982000 0.000000 1.120500
v 0.982346 -0.003512 1.120500
v 0.983370 -0.006888 1.120500
v 0.985034 -0.010000 1.120500
v 0.987272 -0.012728 1.120500
v 0.990000 -0.014966 1.120500
v 0.993112 -0.016630 1.120500
v 0.996488 -0.017654 1.120500
v 1.000000 -0.018000 1.120500
v 1.003512 -0.017654 1.120500
v 1.006888 -0.016630 1.120500
v 1.010000 -0.014966 1.120500
v 1.012728 -0.012728 1.120500
v 1.014966 -0.010000 1.120500
v 1.016630 -0.006888 1.120500
v 1.017654 -0.003512 1.120500
v 1.018000 0.000000 1.127500
v 1.017654 0.003512 1.127500
v 1.016630 0.006888 1.127500
v 1.014966 0.010000 1.127500
v 1.012728 0.012728 1.127500
v 1.010000 0.014966 1.127500
v 1.006888 0.016630 1.127500
v 1.003512 0.017654 1.127500
v 1.000000 0.018000 1.127500
v 0.996488 0.017654 1.127500
v 0.993112 0.016630 1.127500
v 0.990000 0.014966 1.127500
v 0.987272 0.012728 1.127500
v 0.985034 0.010000 1.127500
v 0.983370 0.006888 1.127500
v 0.982346 0.003512 1.127500
v 0.982000 0.000000 1.127500
v 0.982346 -0.003512 1.127500
v 0.983370 -0.006888 1.127500
v 0.985034 -0.010000 1.127500
v 0.987272 -0.012728 1.127500
v 0.990000 -0.014966 1.127500
v 0.993112 -0.016630 1.127500
v 0.996488 -0.017654 1.127500
v 1.000000 -0.018000 1.127500
v 1.003512 -0.017654 1.127500
v 1.006888 -0.016630 1.127500
v 1.010000 -0.014966 1.127500
v 1.012728 -0.012728 1.127500
v 1.014966 -0.010000 1.127500
v 1.016630 -0.006888 1.127500
v 1.017654 -0.003512 1.127500
f 4528 4527 4526 4525 4524 4523 4522 4521 4520 4519 4518 4517 4516 4515 4514 4513 4512 4511 4510 4509 4508 4507 4506 4505 4504 4503 4502 4501 4500 4499 4498 4497
f 4529 4530 4531 4532 4533 4534 4535 4536 4537 4538 4539 4540 4541 4542 4543 4544 4545 4546 4547 4548 4549 4550 4551 4552 4553 4554 4555 4556 4557 4558 4559 4560
f 4497 4498 4530 4529
f 4498 4499 4531 4530
f 4499 4500 4532 4531
f 4500 4501 4533 4532
f 4501 4502 4534 4533
f 4502 4503 4535 4534
f 4503 4504 4536 4535
f 4504 4505 4537 4536
f 4505 4506 4538 4537
f 4506 4507 4539 4538
f 4507 4508 4540 4539
f 4508 4509 4541 4540
f 4509 4510 4542 4541
f 4510 4511 4543 4542
f 4511 4512 4544 4543
f 4512 4513 4545 4544
f 4513 4514 4546 4545
f 4514 4515 4547 4546
f 4515 4516 4548 4547
f 4516 4517 4549 4548
f 4517 4518 4550 4549
f 4518 4519 4551 4550
f 4519 4520 4552 4551
f 4520 4521 4553 4552
f 4521 4522 4554 4553
f 4522 4523 4555 4554
f 4523 4524 4556 4555
f 4524 4525 4557 4556
f 4525 4526 4558 4557
f 4526 4527 4559 4558
f 4527 4528 4560 4559
f 4528 4497 4529 4560
